Accuracy,Kappa,size,decay,Resample
0.5437158469945356,0.0642968678240104,1,0.001,Training1000
0.5300546448087432,0.02472578546198187,2,0.001,Training1000
0.5300546448087432,0.028518518518518478,3,0.001,Training1000
0.546448087431694,0.06707204717154969,4,0.001,Training1000
0.5245901639344263,0.019401330376940168,5,0.001,Training1000
0.5273224043715847,0.019329058637673088,1,0.01,Training1000
0.5382513661202186,0.046257748172818934,2,0.01,Training1000
0.5409836065573771,0.061538461538461514,3,0.01,Training1000
0.5273224043715847,0.02960919540229899,4,0.01,Training1000
0.5218579234972678,0.017306453097670964,5,0.01,Training1000
0.5409836065573771,0.042600896860986635,1,0.1,Training1000
0.5409836065573771,0.04634282523729756,2,0.1,Training1000
0.5409836065573771,0.04740658114891255,3,0.1,Training1000
0.5409836065573771,0.04740658114891255,4,0.1,Training1000
0.5409836065573771,0.04740658114891255,5,0.1,Training1000
0.5245901639344263,0,1,1,Training1000
0.5245901639344263,0,2,1,Training1000
0.5245901639344263,0,3,1,Training1000
0.5245901639344263,0,4,1,Training1000
0.5245901639344263,0,5,1,Training1000
0.5382513661202186,0.051289916868615656,1,0.001,Training1001
0.5300546448087432,0.022150424057908038,2,0.001,Training1001
0.5437158469945356,0.05905354228886357,3,0.001,Training1001
0.5163934426229508,-0.007214154668988574,4,0.001,Training1001
0.5546448087431693,0.07475417972021452,5,0.001,Training1001
0.5300546448087432,0.020933777100376482,1,0.01,Training1001
0.5300546448087432,0.026986923861634128,2,0.01,Training1001
0.5409836065573771,0.06179620983246373,3,0.01,Training1001
0.5136612021857924,-0.010704644885041458,4,0.01,Training1001
0.5245901639344263,0.019914432577179963,5,0.01,Training1001
0.5437158469945356,0.043743546418849144,1,0.1,Training1001
0.5437158469945356,0.043743546418849144,2,0.1,Training1001
0.5437158469945356,0.043743546418849144,3,0.1,Training1001
0.5437158469945356,0.043743546418849144,4,0.1,Training1001
0.5382513661202186,0.03711198978797596,5,0.1,Training1001
0.5273224043715847,0,1,1,Training1001
0.5273224043715847,0,2,1,Training1001
0.5273224043715847,0,3,1,Training1001
0.5273224043715847,0,4,1,Training1001
0.5273224043715847,0,5,1,Training1001
0.5081967213114754,0.03322376144634887,1,0.001,Training1002
0.5382513661202186,0.03597144727408753,2,0.001,Training1002
0.5273224043715847,0.026505950001537385,3,0.001,Training1002
0.5519125683060109,0.05705667965313538,4,0.001,Training1002
0.48360655737704916,-0.05425671350626398,5,0.001,Training1002
0.546448087431694,0.04949937421777233,1,0.01,Training1002
0.5355191256830601,0.0358869468203794,2,0.01,Training1002
0.5409836065573771,0.0581459469395259,3,0.01,Training1002
0.5409836065573771,0.06256860592755227,4,0.01,Training1002
0.5273224043715847,0.01652635829890348,5,0.01,Training1002
0.5519125683060109,0.05705667965313538,1,0.1,Training1002
0.5491803278688525,0.05097903636420788,2,0.1,Training1002
0.546448087431694,0.04489718920958322,3,0.1,Training1002
0.5519125683060109,0.05705667965313538,4,0.1,Training1002
0.546448087431694,0.04489718920958322,5,0.1,Training1002
0.5300546448087432,0,1,1,Training1002
0.5300546448087432,0,2,1,Training1002
0.5300546448087432,0,3,1,Training1002
0.5300546448087432,0,4,1,Training1002
0.5300546448087432,0,5,1,Training1002
0.5437158469945356,0.060268749423449425,1,0.001,Training1003
0.5355191256830601,0.03059952636171007,2,0.001,Training1003
0.5491803278688525,0.06456209919762079,3,0.001,Training1003
0.5519125683060109,0.06417212347988767,4,0.001,Training1003
0.5,-0.022845972939128406,5,0.001,Training1003
0.5437158469945356,0.04278510351739914,1,0.01,Training1003
0.546448087431694,0.0643134355941601,2,0.01,Training1003
0.5573770491803278,0.09055770292655968,3,0.01,Training1003
0.5382513661202186,0.04578692419240395,4,0.01,Training1003
0.5327868852459017,0.026565464895635778,5,0.01,Training1003
0.5546448087431693,0.06313012343352487,1,0.1,Training1003
0.5491803278688525,0.05878869112558844,2,0.1,Training1003
0.5519125683060109,0.05770800627943472,3,0.1,Training1003
0.546448087431694,0.04555737086841774,4,0.1,Training1003
0.546448087431694,0.04555737086841774,5,0.1,Training1003
0.5300546448087432,0,1,1,Training1003
0.5300546448087432,0,2,1,Training1003
0.5300546448087432,0,3,1,Training1003
0.5300546448087432,0,4,1,Training1003
0.5300546448087432,0,5,1,Training1003
0.5573770491803278,0.062072892938496535,1,0.001,Training1004
0.5491803278688525,0.047025406343695696,2,0.001,Training1004
0.5300546448087432,0.025872740777420182,3,0.001,Training1004
0.5819672131147541,0.15110814662098637,4,0.001,Training1004
0.5273224043715847,0.021874131059412286,5,0.001,Training1004
0.5546448087431693,0.06699821713427778,1,0.01,Training1004
0.5437158469945356,0.054512266806917675,2,0.01,Training1004
0.5573770491803278,0.09422548120989906,3,0.01,Training1004
0.5519125683060109,0.07746219107340434,4,0.01,Training1004
0.5245901639344263,0.01855504869929739,5,0.01,Training1004
0.5491803278688525,0.05228963309375101,1,0.1,Training1004
0.5519125683060109,0.0583584337349395,2,0.1,Training1004
0.5519125683060109,0.0583584337349395,3,0.1,Training1004
0.5519125683060109,0.0583584337349395,4,0.1,Training1004
0.5519125683060109,0.0583584337349395,5,0.1,Training1004
0.5300546448087432,0,1,1,Training1004
0.5300546448087432,0,2,1,Training1004
0.5300546448087432,0,3,1,Training1004
0.5300546448087432,0,4,1,Training1004
0.5300546448087432,0,5,1,Training1004
0.5573770491803278,0.062072892938496535,1,0.001,Training1005
0.5683060109289617,0.11361128142244009,2,0.001,Training1005
0.5819672131147541,0.14195090558058274,3,0.001,Training1005
0.5546448087431693,0.07778636574431895,4,0.001,Training1005
0.5409836065573771,0.051754981185614786,5,0.001,Training1005
0.5546448087431693,0.06828049351866293,1,0.01,Training1005
0.5437158469945356,0.055797571600704386,2,0.01,Training1005
0.5409836065573771,0.054961268904463186,3,0.01,Training1005
0.5601092896174863,0.0976939331761246,4,0.01,Training1005
0.5273224043715847,0.02847761377236319,5,0.01,Training1005
0.5491803278688525,0.0535966149506347,1,0.1,Training1005
0.5573770491803278,0.07112420102769765,2,0.1,Training1005
0.5546448087431693,0.0708345014484625,3,0.1,Training1005
0.5628415300546448,0.08322374600789012,4,0.1,Training1005
0.5601092896174863,0.07653972731546758,5,0.1,Training1005
0.5300546448087432,0,1,1,Training1005
0.5300546448087432,0,2,1,Training1005
0.5300546448087432,0,3,1,Training1005
0.5300546448087432,0,4,1,Training1005
0.5300546448087432,0,5,1,Training1005
0.5546448087431693,0.08339735119687783,1,0.001,Training1006
0.5546448087431693,0.0821563740422781,2,0.001,Training1006
0.5655737704918032,0.10041737517390623,3,0.001,Training1006
0.5382513661202186,0.05158085191204892,4,0.001,Training1006
0.5437158469945356,0.06280474715569333,5,0.001,Training1006
0.5601092896174863,0.08034460155445257,1,0.01,Training1006
0.5519125683060109,0.07307430971647405,2,0.01,Training1006
0.5519125683060109,0.07244405983434275,3,0.01,Training1006
0.5437158469945356,0.05515535631473189,4,0.01,Training1006
0.5409836065573771,0.05623772102161107,5,0.01,Training1006
0.5601092896174863,0.077811512097405,1,0.1,Training1006
0.5628415300546448,0.08322374600789012,2,0.1,Training1006
0.5655737704918032,0.08926726971110184,3,0.1,Training1006
0.5655737704918032,0.08926726971110184,4,0.1,Training1006
0.5628415300546448,0.08322374600789012,5,0.1,Training1006
0.5300546448087432,0,1,1,Training1006
0.5300546448087432,0,2,1,Training1006
0.5300546448087432,0,3,1,Training1006
0.5300546448087432,0,4,1,Training1006
0.5300546448087432,0,5,1,Training1006
0.5573770491803278,0.08871265215787502,1,0.001,Training1007
0.5765027322404371,0.12838398426696976,2,0.001,Training1007
0.5437158469945356,0.049335863377609236,3,0.001,Training1007
0.5628415300546448,0.09198040066985035,4,0.001,Training1007
0.505464480874317,-0.004914899426595095,5,0.001,Training1007
0.5546448087431693,0.06892031089053272,1,0.01,Training1007
0.5546448087431693,0.07966431149918232,2,0.01,Training1007
0.5491803278688525,0.07277752187931844,3,0.01,Training1007
0.546448087431694,0.0585719598363705,4,0.01,Training1007
0.5218579234972678,0.013917541644856295,5,0.01,Training1007
0.5546448087431693,0.06571240642716183,1,0.1,Training1007
0.5655737704918032,0.09487666034155592,2,0.1,Training1007
0.5628415300546448,0.08322374600789012,3,0.1,Training1007
0.5601092896174863,0.07717605788204329,4,0.1,Training1007
0.5655737704918032,0.08926726971110184,5,0.1,Training1007
0.5300546448087432,0,1,1,Training1007
0.5300546448087432,0,2,1,Training1007
0.5300546448087432,0,3,1,Training1007
0.5300546448087432,0,4,1,Training1007
0.5300546448087432,0,5,1,Training1007
0.5491803278688525,0.07340350446497072,1,0.001,Training1008
0.5573770491803278,0.07937395192845148,2,0.001,Training1008
0.5655737704918032,0.09549566352699787,3,0.001,Training1008
0.5245901639344263,0.003692115143929976,4,0.001,Training1008
0.5601092896174863,0.08661685835632572,5,0.001,Training1008
0.5519125683060109,0.0680081982485558,1,0.01,Training1008
0.546448087431694,0.06304361236197653,2,0.01,Training1008
0.5573770491803278,0.10147299509001627,3,0.01,Training1008
0.5327868852459017,0.037108834117972916,4,0.01,Training1008
0.5245901639344263,0.026476702947291115,5,0.01,Training1008
0.5601092896174863,0.079079798705966875,1,0.1,Training1008
0.5655737704918032,0.09051980120651389,2,0.1,Training1008
0.5655737704918032,0.09051980120651389,3,0.1,Training1008
0.5655737704918032,0.09051980120651389,4,0.1,Training1008
0.5519125683060109,0.06737103791174637,5,0.1,Training1008
0.5300546448087432,0,1,1,Training1008
0.5300546448087432,0,2,1,Training1008
0.5300546448087432,0,3,1,Training1008
0.5300546448087432,0,4,1,Training1008
0.5300546448087432,0,5,1,Training1008
0.5573770491803278,0.06272526082832737,1,0.001,Training1009
0.5710382513661202,0.12070390206579953,2,0.001,Training1009
0.5491803278688525,0.07089448906120198,3,0.001,Training1009
0.5327868852459017,0.043583239096549514,4,0.001,Training1009
0.5300546448087432,0.048546037119883916,5,0.001,Training1009
0.5546448087431693,0.07463936714751034,1,0.01,Training1009
0.5519125683060109,0.07808564231738013,2,0.01,Training1009
0.5601092896174863,0.09033931272963029,3,0.01,Training1009
0.5683060109289617,0.11895910780669129,4,0.01,Training1009
0.5409836065573771,0.06632653061224493,5,0.01,Training1009
0.5601092896174863,0.07971263470248303,1,0.1,Training1009
0.5628415300546448,0.0857428339474177,2,0.1,Training1009
0.5573770491803278,0.07937395192845148,3,0.1,Training1009
0.5546448087431693,0.07400738832148489,4,0.1,Training1009
0.5655737704918032,0.09114477588630313,5,0.1,Training1009
0.5300546448087432,0,1,1,Training1009
0.5300546448087432,0,2,1,Training1009
0.5300546448087432,0,3,1,Training1009
0.5300546448087432,0,4,1,Training1009
0.5300546448087432,0,5,1,Training1009
0.5601092896174863,0.06350719938972049,1,0.001,Training1010
0.5655737704918032,0.09448230790775827,2,0.001,Training1010
0.5491803278688525,0.08224674022066203,3,0.001,Training1010
0.5437158469945356,0.0474988312295466,4,0.001,Training1010
0.5273224043715847,0.010316046140860775,5,0.001,Training1010
0.5655737704918032,0.09040607708899907,1,0.01,Training1010
0.5491803278688525,0.06727828746177371,2,0.01,Training1010
0.5601092896174863,0.09923874163074374,3,0.01,Training1010
0.5628415300546448,0.0998801069814625,4,0.01,Training1010
0.5601092896174863,0.10318692356862373,5,0.01,Training1010
0.5683060109289617,0.09306483485461553,1,0.1,Training1010
0.5683060109289617,0.09306483485461553,2,0.1,Training1010
0.5546448087431693,0.0703132304815333,3,0.1,Training1010
0.5683060109289617,0.09306483485461553,4,0.1,Training1010
0.5710382513661202,0.09914401279277582,5,0.1,Training1010
0.5327868852459017,0,1,1,Training1010
0.5327868852459017,0,2,1,Training1010
0.5327868852459017,0,3,1,Training1010
0.5327868852459017,0,4,1,Training1010
0.5327868852459017,0,5,1,Training1010
0.5628415300546448,0.06429758404704072,1,0.001,Training1011
0.5683060109289617,0.09700187382885693,2,0.001,Training1011
0.5273224043715847,0.03821733450800504,3,0.001,Training1011
0.5655737704918032,0.10330056396190937,4,0.001,Training1011
0.5273224043715847,0.029787625264319148,5,0.001,Training1011
0.5655737704918032,0.08721021426106587,1,0.01,Training1011
0.5573770491803278,0.08454792490118572,2,0.01,Training1011
0.5628415300546448,0.09073970560834715,3,0.01,Training1011
0.5300546448087432,0.019378154402143435,4,0.01,Training1011
0.5519125683060109,0.07100848139664441,5,0.01,Training1011
0.5683060109289617,0.08960957178841306,1,0.1,Training1011
0.5710382513661202,0.09500110246637458,2,0.1,Training1011
0.5710382513661202,0.09500110246637458,3,0.1,Training1011
0.5710382513661202,0.09500110246637458,4,0.1,Training1011
0.5710382513661202,0.09500110246637458,5,0.1,Training1011
0.5355191256830601,0,1,1,Training1011
0.5355191256830601,0,2,1,Training1011
0.5355191256830601,0,3,1,Training1011
0.5355191256830601,0,4,1,Training1011
0.5355191256830601,0,5,1,Training1011
0.5628415300546448,0.06429758404704072,1,0.001,Training1012
0.5546448087431693,0.06653105930214341,2,0.001,Training1012
0.5437158469945356,0.04517761739619456,3,0.001,Training1012
0.5628415300546448,0.0936668111186775,4,0.001,Training1012
0.5683060109289617,0.11496786042240574,5,0.001,Training1012
0.5737704918032787,0.10552700839704221,1,0.01,Training1012
0.5519125683060109,0.0680081982485558,2,0.01,Training1012
0.5683060109289617,0.11426295797083688,3,0.01,Training1012
0.5491803278688525,0.07905572330496843,4,0.01,Training1012
0.5409836065573771,0.05745294009442642,5,0.01,Training1012
0.5655737704918032,0.08347245409015004,1,0.1,Training1012
0.5710382513661202,0.09500110246637458,2,0.1,Training1012
0.5683060109289617,0.08960957178841306,3,0.1,Training1012
0.5683060109289617,0.08960957178841306,4,0.1,Training1012
0.5710382513661202,0.09500110246637458,5,0.1,Training1012
0.5355191256830601,0,1,1,Training1012
0.5355191256830601,0,2,1,Training1012
0.5355191256830601,0,3,1,Training1012
0.5355191256830601,0,4,1,Training1012
0.5355191256830601,0,5,1,Training1012
0.5601092896174863,0.05884044082414938,1,0.001,Training1013
0.5655737704918032,0.09896881677143644,2,0.001,Training1013
0.5491803278688525,0.05737832859863276,3,0.001,Training1013
0.5601092896174863,0.08468731554257655,4,0.001,Training1013
0.5382513661202186,0.06193697109405814,5,0.001,Training1013
0.5546448087431693,0.06653105930214341,1,0.01,Training1013
0.5573770491803278,0.08085818813170444,2,0.01,Training1013
0.5628415300546448,0.10518916936617552,3,0.01,Training1013
0.5601092896174863,0.09274826789838317,4,0.01,Training1013
0.5683060109289617,0.11567164179104475,5,0.01,Training1013
0.5710382513661202,0.09351632749645035,1,0.1,Training1013
0.5737704918032787,0.1003970504821326,2,0.1,Training1013
0.5737704918032787,0.1003970504821326,3,0.1,Training1013
0.5737704918032787,0.1003970504821326,4,0.1,Training1013
0.5765027322404371,0.1057974212666687,5,0.1,Training1013
0.5355191256830601,0,1,1,Training1013
0.5355191256830601,0,2,1,Training1013
0.5355191256830601,0,3,1,Training1013
0.5355191256830601,0,4,1,Training1013
0.5355191256830601,0,5,1,Training1013
0.5601092896174863,0.05884044082414938,1,0.001,Training1014
0.5683060109289617,0.09700187382885693,2,0.001,Training1014
0.5737704918032787,0.10843222985633977,3,0.001,Training1014
0.5683060109289617,0.12471998546951613,4,0.001,Training1014
0.5601092896174863,0.08836907082521096,5,0.001,Training1014
0.5710382513661202,0.10089187920513203,1,0.01,Training1014
0.5573770491803278,0.08528232027152098,2,0.01,Training1014
0.5573770491803278,0.08820815648643646,3,0.01,Training1014
0.5628415300546448,0.100902782042621,4,0.01,Training1014
0.5382513661202186,0.04842927909910472,5,0.01,Training1014
0.5683060109289617,0.08960957178841306,1,0.1,Training1014
0.5710382513661202,0.09574166745349817,2,0.1,Training1014
0.5710382513661202,0.09574166745349817,3,0.1,Training1014
0.5710382513661202,0.09574166745349817,4,0.1,Training1014
0.5710382513661202,0.09574166745349817,5,0.1,Training1014
0.5355191256830601,0,1,1,Training1014
0.5355191256830601,0,2,1,Training1014
0.5355191256830601,0,3,1,Training1014
0.5355191256830601,0,4,1,Training1014
0.5355191256830601,0,5,1,Training1014
0.5519125683060109,0.07250139069163714,1,0.001,Training1015
0.5710382513661202,0.10380860288842428,2,0.001,Training1015
0.5273224043715847,0.03973429585368079,3,0.001,Training1015
0.5409836065573771,0.06119457676804704,4,0.001,Training1015
0.5355191256830601,0.028419737663960148,5,0.001,Training1015
0.5710382513661202,0.1001597293996053,1,0.01,Training1015
0.5573770491803278,0.08085818813170444,2,0.01,Training1015
0.5601092896174863,0.08542604376843065,3,0.01,Training1015
0.5382513661202186,0.043839851599938244,4,0.01,Training1015
0.5409836065573771,0.058203651513295075,5,0.01,Training1015
0.5710382513661202,0.09500110246637458,1,0.1,Training1015
0.5710382513661202,0.09574166745349817,2,0.1,Training1015
0.5710382513661202,0.09574166745349817,3,0.1,Training1015
0.5710382513661202,0.09574166745349817,4,0.1,Training1015
0.5710382513661202,0.09574166745349817,5,0.1,Training1015
0.5355191256830601,0,1,1,Training1015
0.5355191256830601,0,2,1,Training1015
0.5355191256830601,0,3,1,Training1015
0.5355191256830601,0,4,1,Training1015
0.5355191256830601,0,5,1,Training1015
0.5409836065573771,0.04681589880324924,1,0.001,Training1016
0.5655737704918032,0.09165548028595502,2,0.001,Training1016
0.5737704918032787,0.10843222985633977,3,0.001,Training1016
0.505464480874317,-0.044197850004728735,4,0.001,Training1016
0.5655737704918032,0.09969367864104686,5,0.001,Training1016
0.5710382513661202,0.09942638623326941,1,0.01,Training1016
0.5683060109289617,0.10929702421292575,2,0.01,Training1016
0.5737704918032787,0.1296341463414634,3,0.01,Training1016
0.5409836065573771,0.0452766908887647,4,0.01,Training1016
0.546448087431694,0.05050947052572361,5,0.01,Training1016
0.5765027322404371,0.1057974212666687,1,0.1,Training1016
0.5710382513661202,0.09500110246637458,2,0.1,Training1016
0.5655737704918032,0.08869679601616076,3,0.1,Training1016
0.5710382513661202,0.09500110246637458,4,0.1,Training1016
0.5710382513661202,0.09500110246637458,5,0.1,Training1016
0.5355191256830601,0,1,1,Training1016
0.5355191256830601,0,2,1,Training1016
0.5355191256830601,0,3,1,Training1016
0.5355191256830601,0,4,1,Training1016
0.5355191256830601,0,5,1,Training1016
0.5573770491803278,0.05804975693451523,1,0.001,Training1017
0.5573770491803278,0.07567112524553346,2,0.001,Training1017
0.5601092896174863,0.10187471422039311,3,0.001,Training1017
0.5628415300546448,0.10777950452509363,4,0.001,Training1017
0.5737704918032787,0.11848077813802675,5,0.001,Training1017
0.5765027322404371,0.11660282163879268,1,0.01,Training1017
0.5573770491803278,0.08389728376749787,2,0.01,Training1017
0.5683060109289617,0.1163472998991473,3,0.01,Training1017
0.5491803278688525,0.07003603437124639,4,0.01,Training1017
0.5573770491803278,0.09131034482758597,5,0.01,Training1017
0.5683060109289617,0.09306483485461553,1,0.1,Training1017
0.5710382513661202,0.09914401279277582,2,0.1,Training1017
0.5710382513661202,0.09914401279277582,3,0.1,Training1017
0.5710382513661202,0.09914401279277582,4,0.1,Training1017
0.5710382513661202,0.09914401279277582,5,0.1,Training1017
0.5327868852459017,0,1,1,Training1017
0.5327868852459017,0,2,1,Training1017
0.5327868852459017,0,3,1,Training1017
0.5327868852459017,0,4,1,Training1017
0.5327868852459017,0,5,1,Training1017
0.5491803278688525,0.06722066046770257,1,0.001,Training1018
0.5655737704918032,0.09165548028595502,2,0.001,Training1018
0.5519125683060109,0.06271080574640843,3,0.001,Training1018
0.5409836065573771,0.03593603010348074,4,0.001,Training1018
0.5601092896174863,0.07723386263271623,5,0.001,Training1018
0.5710382513661202,0.09942638623326941,1,0.01,Training1018
0.5437158469945356,0.0543952473777035,2,0.01,Training1018
0.5765027322404371,0.13896730716692454,3,0.01,Training1018
0.5683060109289617,0.11567164179104475,4,0.01,Training1018
0.546448087431694,0.0656947776342499,5,0.01,Training1018
0.5710382513661202,0.09500110246637458,1,0.1,Training1018
0.5710382513661202,0.09574166745349817,2,0.1,Training1018
0.5710382513661202,0.09574166745349817,3,0.1,Training1018
0.5737704918032787,0.10113350125944581,4,0.1,Training1018
0.5737704918032787,0.10113350125944581,5,0.1,Training1018
0.5355191256830601,0,1,1,Training1018
0.5355191256830601,0,2,1,Training1018
0.5355191256830601,0,3,1,Training1018
0.5355191256830601,0,4,1,Training1018
0.5355191256830601,0,5,1,Training1018
0.5846994535519126,0.13129294191130544,1,0.001,Training1019
0.5683060109289617,0.09773450664669524,2,0.001,Training1019
0.5765027322404371,0.11017347931110198,3,0.001,Training1019
0.5409836065573771,0.050642292490118715,4,0.001,Training1019
0.4972677595628415,-0.01931343464309506,5,0.001,Training1019
0.5737704918032787,0.10625508734581417,1,0.01,Training1019
0.5601092896174863,0.08689992871974442,2,0.01,Training1019
0.5683060109289617,0.11637430474909834,3,0.01,Training1019
0.5437158469945356,0.05818361120527606,4,0.01,Training1019
0.5437158469945356,0.06641209714372993,5,0.01,Training1019
0.5765027322404371,0.10726088188084215,1,0.1,Training1019
0.5655737704918032,0.08943827257080249,2,0.1,Training1019
0.5765027322404371,0.10799081732129924,3,0.1,Training1019
0.5737704918032787,0.10186874724721563,4,0.1,Training1019
0.5737704918032787,0.10186874724721563,5,0.1,Training1019
0.5355191256830601,0,1,1,Training1019
0.5355191256830601,0,2,1,Training1019
0.5355191256830601,0,3,1,Training1019
0.5355191256830601,0,4,1,Training1019
0.5355191256830601,0,5,1,Training1019
0.5628415300546448,0.06048451788865711,1,0.001,Training1020
0.5710382513661202,0.10111691643462739,2,0.001,Training1020
0.5382513661202186,0.0603979948351816,3,0.001,Training1020
0.5628415300546448,0.09307728047080675,4,0.001,Training1020
0.5655737704918032,0.08485610945117135,5,0.001,Training1020
0.5765027322404371,0.11022930455785934,1,0.01,Training1020
0.5628415300546448,0.08912739150723278,2,0.01,Training1020
0.5819672131147541,0.14790468364831547,3,0.01,Training1020
0.5765027322404371,0.1315861984508465,4,0.01,Training1020
0.5519125683060109,0.06959729671079118,5,0.01,Training1020
0.5792349726775956,0.10932018583483437,1,0.1,Training1020
0.5765027322404371,0.10472493135119779,2,0.1,Training1020
0.5765027322404371,0.10472493135119779,3,0.1,Training1020
0.5792349726775956,0.11010767627648482,4,0.1,Training1020
0.5792349726775956,0.11010767627648482,5,0.1,Training1020
0.5382513661202186,0,1,1,Training1020
0.5382513661202186,0,2,1,Training1020
0.5382513661202186,0,3,1,Training1020
0.5382513661202186,0,4,1,Training1020
0.5382513661202186,0,5,1,Training1020
0.5655737704918032,0.06135681796186943,1,0.001,Training1021
0.5765027322404371,0.10995010825567156,2,0.001,Training1021
0.5710382513661202,0.10352897126275389,3,0.001,Training1021
0.5628415300546448,0.07733030818680264,4,0.001,Training1021
0.5628415300546448,0.09696521095484817,5,0.001,Training1021
0.5792349726775956,0.11276917264828087,1,0.01,Training1021
0.5601092896174863,0.08240680183126205,2,0.01,Training1021
0.5601092896174863,0.07982760236109794,3,0.01,Training1021
0.5546448087431693,0.0657709292492717,4,0.01,Training1021
0.5710382513661202,0.10936482841997561,5,0.01,Training1021
0.5792349726775956,0.10516288816917505,1,0.1,Training1021
0.5846994535519126,0.11762466692044145,2,0.1,Training1021
0.5846994535519126,0.11762466692044145,3,0.1,Training1021
0.5846994535519126,0.11762466692044145,4,0.1,Training1021
0.5846994535519126,0.11762466692044145,5,0.1,Training1021
0.5409836065573771,0,1,1,Training1021
0.5409836065573771,0,2,1,Training1021
0.5409836065573771,0,3,1,Training1021
0.5409836065573771,0,4,1,Training1021
0.5409836065573771,0,5,1,Training1021
0.5628415300546448,0.05591023408783117,1,0.001,Training1022
0.5683060109289617,0.09144042232277506,2,0.001,Training1022
0.5819672131147541,0.12060680297748044,3,0.001,Training1022
0.592896174863388,0.16253570441352622,4,0.001,Training1022
0.5710382513661202,0.11757117847599736,5,0.001,Training1022
0.5792349726775956,0.11276917264828087,1,0.01,Training1022
0.5683060109289617,0.09739651620153568,2,0.01,Training1022
0.5737704918032787,0.10965568862275443,3,0.01,Training1022
0.5546448087431693,0.092212179311604,4,0.01,Training1022
0.5683060109289617,0.1180453879941434,5,0.01,Training1022
0.587431693989071,0.12301247262686844,1,0.1,Training1022
0.5846994535519126,0.11762466692044145,2,0.1,Training1022
0.5846994535519126,0.11762466692044145,3,0.1,Training1022
0.5846994535519126,0.11762466692044145,4,0.1,Training1022
0.5846994535519126,0.11762466692044145,5,0.1,Training1022
0.5409836065573771,0,1,1,Training1022
0.5409836065573771,0,2,1,Training1022
0.5409836065573771,0,3,1,Training1022
0.5409836065573771,0,4,1,Training1022
0.5409836065573771,0,5,1,Training1022
0.48360655737704916,0.01380057597445179,1,0.001,Training1023
0.5573770491803278,0.06881929830071923,2,0.001,Training1023
0.546448087431694,0.060696948146315904,3,0.001,Training1023
0.5710382513661202,0.11277522156687138,4,0.001,Training1023
0.5710382513661202,0.10425565081839427,5,0.001,Training1023
0.5765027322404371,0.11022930455785934,1,0.01,Training1023
0.5655737704918032,0.09442594379259893,2,0.01,Training1023
0.5683060109289617,0.10129611786280407,3,0.01,Training1023
0.5491803278688525,0.06997874765146145,4,0.01,Training1023
0.5601092896174863,0.08463044086121715,5,0.01,Training1023
0.5792349726775956,0.10932018583483437,1,0.1,Training1023
0.5819672131147541,0.11549518243563407,2,0.1,Training1023
0.5819672131147541,0.11549518243563407,3,0.1,Training1023
0.5819672131147541,0.11549518243563407,4,0.1,Training1023
0.5819672131147541,0.11549518243563407,5,0.1,Training1023
0.5382513661202186,0,1,1,Training1023
0.5382513661202186,0,2,1,Training1023
0.5382513661202186,0,3,1,Training1023
0.5382513661202186,0,4,1,Training1023
0.5382513661202186,0,5,1,Training1023
0.5163934426229508,0.018424800751537865,1,0.001,Training1024
0.5683060109289617,0.0942013094827855,2,0.001,Training1024
0.5655737704918032,0.09991647848547637,3,0.001,Training1024
0.5546448087431693,0.06676469668053668,4,0.001,Training1024
0.5546448087431693,0.07647295581906552,5,0.001,Training1024
0.5710382513661202,0.0987483923586059,1,0.01,Training1024
0.5655737704918032,0.09442594379259893,2,0.01,Training1024
0.5655737704918032,0.09521440343294235,3,0.01,Training1024
0.5409836065573771,0.03855896425555875,4,0.01,Training1024
0.5491803278688525,0.05614078959707432,5,0.01,Training1024
0.5792349726775956,0.10932018583483437,1,0.1,Training1024
0.5846994535519126,0.12088745614866771,2,0.1,Training1024
0.5846994535519126,0.12088745614866771,3,0.1,Training1024
0.5846994535519126,0.12088745614866771,4,0.1,Training1024
0.5846994535519126,0.12088745614866771,5,0.1,Training1024
0.5382513661202186,0,1,1,Training1024
0.5382513661202186,0,2,1,Training1024
0.5382513661202186,0,3,1,Training1024
0.5382513661202186,0,4,1,Training1024
0.5382513661202186,0,5,1,Training1024
0.5136612021857924,0.012460209185993727,1,0.001,Training1025
0.5737704918032787,0.10723332395159012,2,0.001,Training1025
0.5683060109289617,0.09578759733558485,3,0.001,Training1025
0.5765027322404371,0.12256008908961535,4,0.001,Training1025
0.5792349726775956,0.12328511432571158,5,0.001,Training1025
0.5710382513661202,0.0987483923586059,1,0.01,Training1025
0.5655737704918032,0.09442594379259893,2,0.01,Training1025
0.5601092896174863,0.0948665171576909,3,0.01,Training1025
0.5519125683060109,0.08155583437892092,4,0.01,Training1025
0.5628415300546448,0.10087517273146011,5,0.01,Training1025
0.5765027322404371,0.1031397223890979,1,0.1,Training1025
0.5792349726775956,0.10932018583483437,2,0.1,Training1025
0.5792349726775956,0.10932018583483437,3,0.1,Training1025
0.5792349726775956,0.10932018583483437,4,0.1,Training1025
0.5792349726775956,0.10932018583483437,5,0.1,Training1025
0.5382513661202186,0,1,1,Training1025
0.5382513661202186,0,2,1,Training1025
0.5382513661202186,0,3,1,Training1025
0.5382513661202186,0,4,1,Training1025
0.5382513661202186,0,5,1,Training1025
0.5136612021857924,0.013148327678138715,1,0.001,Training1026
0.5710382513661202,0.1045348293595137,2,0.001,Training1026
0.5737704918032787,0.1134712129681385,3,0.001,Training1026
0.5519125683060109,0.06347126006365832,4,0.001,Training1026
0.546448087431694,0.08829531812725105,5,0.001,Training1026
0.5710382513661202,0.10162283856039515,1,0.01,Training1026
0.5628415300546448,0.09220561790785624,2,0.01,Training1026
0.5546448087431693,0.08586926542245082,3,0.01,Training1026
0.5437158469945356,0.0671530173071641,4,0.01,Training1026
0.5546448087431693,0.0740648766102745,5,0.01,Training1026
0.5737704918032787,0.10113350125944581,1,0.1,Training1026
0.5765027322404371,0.10726088188084215,2,0.1,Training1026
0.5765027322404371,0.10726088188084215,3,0.1,Training1026
0.5792349726775956,0.11338325048763595,4,0.1,Training1026
0.5765027322404371,0.10726088188084215,5,0.1,Training1026
0.5355191256830601,0,1,1,Training1026
0.5355191256830601,0,2,1,Training1026
0.5355191256830601,0,3,1,Training1026
0.5355191256830601,0,4,1,Training1026
0.5355191256830601,0,5,1,Training1026
0.5601092896174863,0.05962146117264029,1,0.001,Training1027
0.5300546448087432,0.024907063197026135,2,0.001,Training1027
0.546448087431694,0.049737237237237386,3,0.001,Training1027
0.5710382513661202,0.11457980215106775,4,0.001,Training1027
0.5409836065573771,0.06119457676804704,5,0.001,Training1027
0.5519125683060109,0.06347126006365832,1,0.01,Training1027
0.5601092896174863,0.08689992871974442,2,0.01,Training1027
0.5573770491803278,0.0786300348085529,3,0.01,Training1027
0.546448087431694,0.07015610651974293,4,0.01,Training1027
0.5218579234972678,0.01857129723269277,5,0.01,Training1027
0.5792349726775956,0.11265743073047858,1,0.1,Training1027
0.5792349726775956,0.11265743073047858,2,0.1,Training1027
0.5819672131147541,0.11805839921882366,3,0.1,Training1027
0.5792349726775956,0.11265743073047858,4,0.1,Training1027
0.5792349726775956,0.11265743073047858,5,0.1,Training1027
0.5355191256830601,0,1,1,Training1027
0.5355191256830601,0,2,1,Training1027
0.5355191256830601,0,3,1,Training1027
0.5355191256830601,0,4,1,Training1027
0.5355191256830601,0,5,1,Training1027
0.5109289617486339,0.006490552303539502,1,0.001,Training1028
0.5710382513661202,0.10268902838939366,2,0.001,Training1028
0.5765027322404371,0.1263436720362212,3,0.001,Training1028
0.5655737704918032,0.09046294270263507,4,0.001,Training1028
0.5355191256830601,0.02111324376199626,5,0.001,Training1028
0.5683060109289617,0.0942013094827855,1,0.01,Training1028
0.5601092896174863,0.08383345253272778,2,0.01,Training1028
0.5628415300546448,0.08912739150723278,3,0.01,Training1028
0.5546448087431693,0.08832788288150609,4,0.01,Training1028
0.5628415300546448,0.09699306090979164,5,0.01,Training1028
0.5737704918032787,0.09934694135091632,1,0.1,Training1028
0.5765027322404371,0.10472493135119779,2,0.1,Training1028
0.5765027322404371,0.10472493135119779,3,0.1,Training1028
0.5765027322404371,0.10472493135119779,4,0.1,Training1028
0.5765027322404371,0.10472493135119779,5,0.1,Training1028
0.5382513661202186,0,1,1,Training1028
0.5382513661202186,0,2,1,Training1028
0.5382513661202186,0,3,1,Training1028
0.5382513661202186,0,4,1,Training1028
0.5382513661202186,0,5,1,Training1028
0.5628415300546448,0.06048451788865711,1,0.001,Training1029
0.5519125683060109,0.07680949890799463,2,0.001,Training1029
0.5683060109289617,0.12786173196995732,3,0.001,Training1029
0.5327868852459017,0.03699030620095403,4,0.001,Training1029
0.546448087431694,0.04917211806316312,5,0.001,Training1029
0.5437158469945356,0.04553546331865457,1,0.01,Training1029
0.5601092896174863,0.08463044086121715,2,0.01,Training1029
0.5628415300546448,0.090711468587932,3,0.01,Training1029
0.5683060109289617,0.12043318224682865,4,0.01,Training1029
0.5355191256830601,0.04220929158585018,5,0.01,Training1029
0.5765027322404371,0.10551543628393921,1,0.1,Training1029
0.5792349726775956,0.11167848699763588,2,0.1,Training1029
0.5792349726775956,0.11167848699763588,3,0.1,Training1029
0.5792349726775956,0.11167848699763588,4,0.1,Training1029
0.5765027322404371,0.10551543628393921,5,0.1,Training1029
0.5382513661202186,0,1,1,Training1029
0.5382513661202186,0,2,1,Training1029
0.5382513661202186,0,3,1,Training1029
0.5382513661202186,0,4,1,Training1029
0.5382513661202186,0,5,1,Training1029
0.5081967213114754,0.0013642564802183637,1,0.001,Training1030
0.5655737704918032,0.09363610877488084,2,0.001,Training1030
0.5409836065573771,0.05102324289286053,3,0.001,Training1030
0.546448087431694,0.06875938812421463,4,0.001,Training1030
0.5710382513661202,0.11046781634106313,5,0.001,Training1030
0.5710382513661202,0.10032879286049783,1,0.01,Training1030
0.5628415300546448,0.08992011935473829,2,0.01,Training1030
0.5710382513661202,0.10737254170938569,3,0.01,Training1030
0.5437158469945356,0.06914196948006453,4,0.01,Training1030
0.5491803278688525,0.06997874765146145,5,0.01,Training1030
0.5792349726775956,0.1124618146316882,1,0.1,Training1030
0.5819672131147541,0.118613655680423,2,0.1,Training1030
0.5819672131147541,0.118613655680423,3,0.1,Training1030
0.5819672131147541,0.118613655680423,4,0.1,Training1030
0.5819672131147541,0.118613655680423,5,0.1,Training1030
0.5382513661202186,0,1,1,Training1030
0.5382513661202186,0,2,1,Training1030
0.5382513661202186,0,3,1,Training1030
0.5382513661202186,0,4,1,Training1030
0.5382513661202186,0,5,1,Training1030
0.5628415300546448,0.06048451788865711,1,0.001,Training1031
0.5710382513661202,0.10268902838939366,2,0.001,Training1031
0.5573770491803278,0.0904181879544686,3,0.001,Training1031
0.5737704918032787,0.13156693943357767,4,0.001,Training1031
0.5327868852459017,0.027775188740796028,5,0.001,Training1031
0.5710382513661202,0.10032879286049783,1,0.01,Training1031
0.5655737704918032,0.09600149128530142,2,0.01,Training1031
0.5546448087431693,0.0898855835240272,3,0.01,Training1031
0.5491803278688525,0.07237872876409336,4,0.01,Training1031
0.5491803278688525,0.067566315659451,5,0.01,Training1031
0.5792349726775956,0.11167848699763588,1,0.1,Training1031
0.5819672131147541,0.11783610069630404,2,0.1,Training1031
0.5846994535519126,0.12398828457153642,3,0.1,Training1031
0.5819672131147541,0.11783610069630404,4,0.1,Training1031
0.5846994535519126,0.12398828457153642,5,0.1,Training1031
0.5382513661202186,0,1,1,Training1031
0.5382513661202186,0,2,1,Training1031
0.5382513661202186,0,3,1,Training1031
0.5382513661202186,0,4,1,Training1031
0.5382513661202186,0,5,1,Training1031
0.48633879781420764,0.024083056761126577,1,0.001,Training1032
0.5546448087431693,0.05685015967369644,2,0.001,Training1032
0.5655737704918032,0.10147299509001623,3,0.001,Training1032
0.5710382513661202,0.10892286697887886,4,0.001,Training1032
0.5710382513661202,0.09953928605008289,5,0.001,Training1032
0.546448087431694,0.05579212383054116,1,0.01,Training1032
0.5628415300546448,0.090711468587932,2,0.01,Training1032
0.5573770491803278,0.08806791965301909,3,0.01,Training1032
0.5273224043715847,0.029073511822614837,4,0.01,Training1032
0.5355191256830601,0.04467987102717654,5,0.01,Training1032
0.5737704918032787,0.10093534469183998,1,0.1,Training1032
0.5792349726775956,0.1124618146316882,2,0.1,Training1032
0.5792349726775956,0.1124618146316882,3,0.1,Training1032
0.5819672131147541,0.118613655680423,4,0.1,Training1032
0.5819672131147541,0.118613655680423,5,0.1,Training1032
0.5382513661202186,0,1,1,Training1032
0.5382513661202186,0,2,1,Training1032
0.5382513661202186,0,3,1,Training1032
0.5382513661202186,0,4,1,Training1032
0.5382513661202186,0,5,1,Training1032
0.5081967213114754,4.854958125986859e-4,1,0.001,Training1033
0.5409836065573771,0.042958535674262374,2,0.001,Training1033
0.5628415300546448,0.0965751311323664,3,0.001,Training1033
0.5437158469945356,0.057428368750578274,4,0.001,Training1033
0.5409836065573771,0.049879473391433365,5,0.001,Training1033
0.5737704918032787,0.10987777500623595,1,0.01,Training1033
0.5683060109289617,0.11284977908689246,2,0.01,Training1033
0.5519125683060109,0.0784253515936865,3,0.01,Training1033
0.546448087431694,0.08256825320125649,4,0.01,Training1033
0.5081967213114754,-0.007462686567164111,5,0.01,Training1033
0.5819672131147541,0.12165511183612003,1,0.1,Training1033
0.5846994535519126,0.1277516462841015,2,0.1,Training1033
0.5846994535519126,0.1277516462841015,3,0.1,Training1033
0.5846994535519126,0.1277516462841015,4,0.1,Training1033
0.5846994535519126,0.1277516462841015,5,0.1,Training1033
0.5355191256830601,0,1,1,Training1033
0.5355191256830601,0,2,1,Training1033
0.5355191256830601,0,3,1,Training1033
0.5355191256830601,0,4,1,Training1033
0.5355191256830601,0,5,1,Training1033
0.5601092896174863,0.06493382842997227,1,0.001,Training1034
0.5655737704918032,0.09650675360968791,2,0.001,Training1034
0.5273224043715847,0.0050909776562647596,3,0.001,Training1034
0.5191256830601093,0.02213316331177693,4,0.001,Training1034
0.5273224043715847,0.029252138717689353,5,0.001,Training1034
0.5737704918032787,0.11256178308309227,1,0.01,Training1034
0.5655737704918032,0.10186128345217141,2,0.01,Training1034
0.5546448087431693,0.0880491607814362,3,0.01,Training1034
0.5546448087431693,0.07584347987731184,4,0.01,Training1034
0.5355191256830601,0.0415010629448194,5,0.01,Training1034
0.5792349726775956,0.1193400206243553,1,0.1,Training1034
0.5792349726775956,0.1193400206243553,2,0.1,Training1034
0.5792349726775956,0.1193400206243553,3,0.1,Training1034
0.5792349726775956,0.1193400206243553,4,0.1,Training1034
0.5792349726775956,0.1193400206243553,5,0.1,Training1034
0.5327868852459017,0,1,1,Training1034
0.5327868852459017,0,2,1,Training1034
0.5327868852459017,0,3,1,Training1034
0.5327868852459017,0,4,1,Training1034
0.5327868852459017,0,5,1,Training1034
0.5109289617486339,0.00564611601857745,1,0.001,Training1035
0.5655737704918032,0.09312762973352025,2,0.001,Training1035
0.5683060109289617,0.10858305586385494,3,0.001,Training1035
0.5382513661202186,0.045374571719603525,4,0.001,Training1035
0.5519125683060109,0.06951075835555262,5,0.001,Training1035
0.5765027322404371,0.11594202898550718,1,0.01,Training1035
0.5710382513661202,0.11244632541472288,2,0.01,Training1035
0.5601092896174863,0.09852216748768453,3,0.01,Training1035
0.5601092896174863,0.10704652220033319,4,0.01,Training1035
0.5601092896174863,0.09419866572385997,5,0.01,Training1035
0.587431693989071,0.13454852954993887,1,0.1,Training1035
0.587431693989071,0.13454852954993887,2,0.1,Training1035
0.587431693989071,0.13454852954993887,3,0.1,Training1035
0.587431693989071,0.13454852954993887,4,0.1,Training1035
0.587431693989071,0.13454852954993887,5,0.1,Training1035
0.5355191256830601,0,1,1,Training1035
0.5355191256830601,0,2,1,Training1035
0.5355191256830601,0,3,1,Training1035
0.5355191256830601,0,4,1,Training1035
0.5355191256830601,0,5,1,Training1035
0.5109289617486339,0.011885011010225847,1,0.001,Training1036
0.5628415300546448,0.08779363200199373,2,0.001,Training1036
0.5792349726775956,0.12624790723631166,3,0.001,Training1036
0.5573770491803278,0.11578382247673581,4,0.001,Training1036
0.5327868852459017,0.05083563347386946,5,0.001,Training1036
0.5765027322404371,0.11665784310672338,1,0.01,Training1036
0.5710382513661202,0.11244632541472288,2,0.01,Training1036
0.5655737704918032,0.1075908602975003,3,0.01,Training1036
0.5491803278688525,0.07685957993212887,4,0.01,Training1036
0.5437158469945356,0.048270063218211805,5,0.01,Training1036
0.5901639344262295,0.14202662999312363,1,0.1,Training1036
0.587431693989071,0.13665760614865483,2,0.1,Training1036
0.587431693989071,0.13665760614865483,3,0.1,Training1036
0.587431693989071,0.13665760614865483,4,0.1,Training1036
0.5846994535519126,0.1305869850596986,5,0.1,Training1036
0.5355191256830601,0,1,1,Training1036
0.5355191256830601,0,2,1,Training1036
0.5355191256830601,0,3,1,Training1036
0.5355191256830601,0,4,1,Training1036
0.5355191256830601,0,5,1,Training1036
0.5628415300546448,0.06584992343032153,1,0.001,Training1037
0.5737704918032787,0.1134712129681385,2,0.001,Training1037
0.5655737704918032,0.09386191647721945,3,0.001,Training1037
0.5765027322404371,0.1195095452428991,4,0.001,Training1037
0.5437158469945356,0.0536339144706284,5,0.001,Training1037
0.5765027322404371,0.11665784310672338,1,0.01,Training1037
0.5683060109289617,0.1071516798418972,2,0.01,Training1037
0.5737704918032787,0.12057174542542037,3,0.01,Training1037
0.587431693989071,0.14292360658788494,4,0.01,Training1037
0.5573770491803278,0.08966406681815374,5,0.01,Training1037
0.5792349726775956,0.11843093093093092,1,0.1,Training1037
0.5846994535519126,0.1291716235677164,2,0.1,Training1037
0.5819672131147541,0.12308559616649435,3,0.1,Training1037
0.5846994535519126,0.1291716235677164,4,0.1,Training1037
0.5819672131147541,0.12308559616649435,5,0.1,Training1037
0.5355191256830601,0,1,1,Training1037
0.5355191256830601,0,2,1,Training1037
0.5355191256830601,0,3,1,Training1037
0.5355191256830601,0,4,1,Training1037
0.5355191256830601,0,5,1,Training1037
0.5655737704918032,0.06677571442316946,1,0.001,Training1038
0.5382513661202186,0.04907296374873162,2,0.001,Training1038
0.5683060109289617,0.09815663890708319,3,0.001,Training1038
0.5491803278688525,0.07397184653601999,4,0.001,Training1038
0.5327868852459017,0.05410633860290795,5,0.001,Training1038
0.5765027322404371,0.11489374980497394,1,0.01,Training1038
0.5765027322404371,0.13307252666646288,2,0.01,Training1038
0.5573770491803278,0.09197831480290347,3,0.01,Training1038
0.5218579234972678,-0.0028182245185532496,4,0.01,Training1038
0.5437158469945356,0.05870576277450945,5,0.01,Training1038
0.587431693989071,0.13319112895636623,1,0.1,Training1038
0.5846994535519126,0.12783369391402502,2,0.1,Training1038
0.587431693989071,0.13395179741122626,3,0.1,Training1038
0.5846994535519126,0.12783369391402502,4,0.1,Training1038
0.5846994535519126,0.12783369391402502,5,0.1,Training1038
0.5382513661202186,0,1,1,Training1038
0.5382513661202186,0,2,1,Training1038
0.5382513661202186,0,3,1,Training1038
0.5382513661202186,0,4,1,Training1038
0.5382513661202186,0,5,1,Training1038
0.5628415300546448,0.06584992343032153,1,0.001,Training1039
0.5710382513661202,0.10670646394925828,2,0.001,Training1039
0.5628415300546448,0.09729929707732145,3,0.001,Training1039
0.5519125683060109,0.07324604743082998,4,0.001,Training1039
0.5355191256830601,0.047750229568411406,5,0.001,Training1039
0.5792349726775956,0.12412978617603182,1,0.01,Training1039
0.5683060109289617,0.10786794199321184,2,0.01,Training1039
0.5573770491803278,0.09830281647302132,3,0.01,Training1039
0.5491803278688525,0.08269283349029387,4,0.01,Training1039
0.5628415300546448,0.10589959692194939,5,0.01,Training1039
0.5846994535519126,0.1298798798798799,1,0.1,Training1039
0.5846994535519126,0.1298798798798799,2,0.1,Training1039
0.5846994535519126,0.1298798798798799,3,0.1,Training1039
0.587431693989071,0.13595572371095332,4,0.1,Training1039
0.587431693989071,0.13595572371095332,5,0.1,Training1039
0.5355191256830601,0,1,1,Training1039
0.5355191256830601,0,2,1,Training1039
0.5355191256830601,0,3,1,Training1039
0.5355191256830601,0,4,1,Training1039
0.5355191256830601,0,5,1,Training1039
0.5546448087431693,0.07807139545665269,1,0.001,Training1040
0.5792349726775956,0.12098811640310642,2,0.001,Training1040
0.5601092896174863,0.08143413873733422,3,0.001,Training1040
0.5491803278688525,0.06997874765146145,4,0.001,Training1040
0.5546448087431693,0.09452691011747542,5,0.001,Training1040
0.5792349726775956,0.12175511857645918,1,0.01,Training1040
0.5737704918032787,0.11880729697194177,2,0.01,Training1040
0.5546448087431693,0.08676484095153529,3,0.01,Training1040
0.5491803278688525,0.07476635514018692,4,0.01,Training1040
0.5327868852459017,0.027775188740796028,5,0.01,Training1040
0.5846994535519126,0.12859872811002154,1,0.1,Training1040
0.5846994535519126,0.13012477718360066,2,0.1,Training1040
0.5846994535519126,0.13012477718360066,3,0.1,Training1040
0.5819672131147541,0.12401839627068785,4,0.1,Training1040
0.5846994535519126,0.13012477718360066,5,0.1,Training1040
0.5382513661202186,0,1,1,Training1040
0.5382513661202186,0,2,1,Training1040
0.5382513661202186,0,3,1,Training1040
0.5382513661202186,0,4,1,Training1040
0.5382513661202186,0,5,1,Training1040
0.5683060109289617,0.07306126374507088,1,0.001,Training1041
0.5573770491803278,0.06635593487229532,2,0.001,Training1041
0.5409836065573771,0.07656264079536253,3,0.001,Training1041
0.5382513661202186,0.02815573641705691,4,0.001,Training1041
0.5573770491803278,0.06963753334379397,5,0.001,Training1041
0.5819672131147541,0.127838519764508,1,0.01,Training1041
0.5710382513661202,0.11430685286229526,2,0.01,Training1041
0.5519125683060109,0.08625361546658528,3,0.01,Training1041
0.5519125683060109,0.08312711942076781,4,0.01,Training1041
0.5519125683060109,0.0760136695298788,5,0.01,Training1041
0.5846994535519126,0.13164549058783126,1,0.1,Training1041
0.587431693989071,0.13698116743183725,2,0.1,Training1041
0.587431693989071,0.13698116743183725,3,0.1,Training1041
0.587431693989071,0.13698116743183725,4,0.1,Training1041
0.587431693989071,0.13698116743183725,5,0.1,Training1041
0.5382513661202186,0,1,1,Training1041
0.5382513661202186,0,2,1,Training1041
0.5382513661202186,0,3,1,Training1041
0.5382513661202186,0,4,1,Training1041
0.5382513661202186,0,5,1,Training1041
0.5136612021857924,0.021596131318895942,1,0.001,Training1042
0.5765027322404371,0.11643771610129895,2,0.001,Training1042
0.5300546448087432,0.028428558199833375,3,0.001,Training1042
0.5382513661202186,0.05314882282705212,4,0.001,Training1042
0.5519125683060109,0.09090358343682778,5,0.001,Training1042
0.5819672131147541,0.127838519764508,1,0.01,Training1042
0.5792349726775956,0.13160570671432528,2,0.01,Training1042
0.5710382513661202,0.11583320510847812,3,0.01,Training1042
0.5519125683060109,0.08391074753517891,4,0.01,Training1042
0.5300546448087432,0.04249688193958577,5,0.01,Training1042
0.5846994535519126,0.13164549058783126,1,0.1,Training1042
0.5846994535519126,0.13088579909389142,2,0.1,Training1042
0.5846994535519126,0.13088579909389142,3,0.1,Training1042
0.5846994535519126,0.13088579909389142,4,0.1,Training1042
0.5846994535519126,0.13088579909389142,5,0.1,Training1042
0.5382513661202186,0,1,1,Training1042
0.5382513661202186,0,2,1,Training1042
0.5382513661202186,0,3,1,Training1042
0.5382513661202186,0,4,1,Training1042
0.5382513661202186,0,5,1,Training1042
0.5683060109289617,0.06861229223038247,1,0.001,Training1043
0.5546448087431693,0.05241589631182666,2,0.001,Training1043
0.5683060109289617,0.10907746348678113,3,0.001,Training1043
0.5655737704918032,0.10797388025383975,4,0.001,Training1043
0.546448087431694,0.06136447905079725,5,0.001,Training1043
0.5792349726775956,0.12107035928143708,1,0.01,Training1043
0.5710382513661202,0.11594202898550716,2,0.01,Training1043
0.5819672131147541,0.13926035230102357,3,0.01,Training1043
0.5519125683060109,0.06922218087085948,4,0.01,Training1043
0.5491803278688525,0.0860800871697087,5,0.01,Training1043
0.5901639344262295,0.14148996059298163,1,0.1,Training1043
0.592896174863388,0.1484118804459851,2,0.1,Training1043
0.592896174863388,0.1484118804459851,3,0.1,Training1043
0.592896174863388,0.1484118804459851,4,0.1,Training1043
0.592896174863388,0.1484118804459851,5,0.1,Training1043
0.5409836065573771,0,1,1,Training1043
0.5409836065573771,0,2,1,Training1043
0.5409836065573771,0,3,1,Training1043
0.5409836065573771,0,4,1,Training1043
0.5409836065573771,0,5,1,Training1043
0.5710382513661202,0.06962209772999543,1,0.001,Training1044
0.5437158469945356,0.0591114805578646,2,0.001,Training1044
0.5710382513661202,0.11283001389532178,3,0.001,Training1044
0.5710382513661202,0.1110732959995048,4,0.001,Training1044
0.5491803278688525,0.08480586791137514,5,0.001,Training1044
0.5765027322404371,0.11539061281771387,1,0.01,Training1044
0.5765027322404371,0.128437548010447,2,0.01,Training1044
0.5546448087431693,0.09414194175346953,3,0.01,Training1044
0.546448087431694,0.06887356321839078,4,0.01,Training1044
0.5846994535519126,0.146565213389378,5,0.01,Training1044
0.5901639344262295,0.14264297092169775,1,0.1,Training1044
0.5846994535519126,0.13034234797561353,2,0.1,Training1044
0.5846994535519126,0.13034234797561353,3,0.1,Training1044
0.5846994535519126,0.13034234797561353,4,0.1,Training1044
0.5846994535519126,0.13034234797561353,5,0.1,Training1044
0.5437158469945356,0,1,1,Training1044
0.5437158469945356,0,2,1,Training1044
0.5437158469945356,0,3,1,Training1044
0.5437158469945356,0,4,1,Training1044
0.5437158469945356,0,5,1,Training1044
0.5710382513661202,0.07495411957886577,1,0.001,Training1045
0.5819672131147541,0.12390875809631076,2,0.001,Training1045
0.587431693989071,0.14340184134660078,3,0.001,Training1045
0.5546448087431693,0.09055154120552439,4,0.001,Training1045
0.5109289617486339,3.661997619702072e-4,5,0.001,Training1045
0.5437158469945356,0.05351667750627156,1,0.01,Training1045
0.5765027322404371,0.13041478892669917,2,0.01,Training1045
0.5546448087431693,0.09304022621545176,3,0.01,Training1045
0.5792349726775956,0.13800697375665238,4,0.01,Training1045
0.5546448087431693,0.07187529170167055,5,0.01,Training1045
0.5846994535519126,0.13167259786476854,1,0.1,Training1045
0.5846994535519126,0.13248502994011974,2,0.1,Training1045
0.5846994535519126,0.13248502994011974,3,0.1,Training1045
0.5846994535519126,0.13248502994011974,4,0.1,Training1045
0.5846994535519126,0.13248502994011974,5,0.1,Training1045
0.5409836065573771,0,1,1,Training1045
0.5409836065573771,0,2,1,Training1045
0.5409836065573771,0,3,1,Training1045
0.5409836065573771,0,4,1,Training1045
0.5409836065573771,0,5,1,Training1045
0.5683060109289617,0.07306126374507088,1,0.001,Training1046
0.5765027322404371,0.1179763052333715,2,0.001,Training1046
0.5628415300546448,0.10241868734864042,3,0.001,Training1046
0.5382513661202186,0.02901007817650933,4,0.001,Training1046
0.5,-0.029702057005811418,5,0.001,Training1046
0.5819672131147541,0.13087071240105524,1,0.01,Training1046
0.5655737704918032,0.10764559757107361,2,0.01,Training1046
0.5683060109289617,0.11211423307231687,3,0.01,Training1046
0.5573770491803278,0.09353309891453894,4,0.01,Training1046
0.5573770491803278,0.09662674833165708,5,0.01,Training1046
0.587431693989071,0.13923932342771705,1,0.1,Training1046
0.5846994535519126,0.13391661736774904,2,0.1,Training1046
0.5846994535519126,0.13391661736774904,3,0.1,Training1046
0.5846994535519126,0.13391661736774904,4,0.1,Training1046
0.5846994535519126,0.13391661736774904,5,0.1,Training1046
0.5382513661202186,0,1,1,Training1046
0.5382513661202186,0,2,1,Training1046
0.5382513661202186,0,3,1,Training1046
0.5382513661202186,0,4,1,Training1046
0.5382513661202186,0,5,1,Training1046
0.5655737704918032,0.0676130355368987,1,0.001,Training1047
0.546448087431694,0.04582718220937917,2,0.001,Training1047
0.5081967213114754,-0.013257867052200884,3,0.001,Training1047
0.5491803278688525,0.08028996984557275,4,0.001,Training1047
0.5355191256830601,0.02540647222831368,5,0.001,Training1047
0.5792349726775956,0.12632916886257226,1,0.01,Training1047
0.5655737704918032,0.10993851518766617,2,0.01,Training1047
0.546448087431694,0.07903592542064591,3,0.01,Training1047
0.5491803278688525,0.08729558987999894,4,0.01,Training1047
0.5628415300546448,0.09932634039804356,5,0.01,Training1047
0.5819672131147541,0.12859854968721787,1,0.1,Training1047
0.587431693989071,0.14073820703380063,2,0.1,Training1047
0.5846994535519126,0.13542411338700142,3,0.1,Training1047
0.5846994535519126,0.13542411338700142,4,0.1,Training1047
0.5846994535519126,0.13542411338700142,5,0.1,Training1047
0.5382513661202186,0,1,1,Training1047
0.5382513661202186,0,2,1,Training1047
0.5382513661202186,0,3,1,Training1047
0.5382513661202186,0,4,1,Training1047
0.5382513661202186,0,5,1,Training1047
0.5655737704918032,0.0720732212903019,1,0.001,Training1048
0.587431693989071,0.15652757852324406,2,0.001,Training1048
0.5409836065573771,0.07151485866151258,3,0.001,Training1048
0.5628415300546448,0.10305109667932848,4,0.001,Training1048
0.5300546448087432,0.01619053572544852,5,0.001,Training1048
0.5792349726775956,0.12835580848694772,1,0.01,Training1048
0.5655737704918032,0.11184029791520397,2,0.01,Training1048
0.587431693989071,0.15585764472277366,3,0.01,Training1048
0.5655737704918032,0.12159999999999992,4,0.01,Training1048
0.5710382513661202,0.12854499681518997,5,0.01,Training1048
0.5819672131147541,0.13087071240105524,1,0.1,Training1048
0.5792349726775956,0.1255430060816681,2,0.1,Training1048
0.5792349726775956,0.1255430060816681,3,0.1,Training1048
0.5792349726775956,0.1255430060816681,4,0.1,Training1048
0.5819672131147541,0.13087071240105524,5,0.1,Training1048
0.5355191256830601,0,1,1,Training1048
0.5355191256830601,0,2,1,Training1048
0.5355191256830601,0,3,1,Training1048
0.5355191256830601,0,4,1,Training1048
0.5355191256830601,0,5,1,Training1048
0.5409836065573771,0.0736968966556192,1,0.001,Training1049
0.5382513661202186,0.052974859907523736,2,0.001,Training1049
0.49453551912568305,-0.05431160661455591,3,0.001,Training1049
0.5382513661202186,0.04614008574160315,4,0.001,Training1049
0.5273224043715847,0.042753908021649134,5,0.001,Training1049
0.5710382513661202,0.11315862579868478,1,0.01,Training1049
0.5683060109289617,0.11777628608042948,2,0.01,Training1049
0.5491803278688525,0.08630132841105093,3,0.01,Training1049
0.5409836065573771,0.06193934216146949,4,0.01,Training1049
0.5601092896174863,0.10915248087563864,5,0.01,Training1049
0.587431693989071,0.1443037190722447,1,0.1,Training1049
0.592896174863388,0.15631671772022637,2,0.1,Training1049
0.592896174863388,0.15631671772022637,3,0.1,Training1049
0.592896174863388,0.15631671772022637,4,0.1,Training1049
0.5901639344262295,0.15031263542376022,5,0.1,Training1049
0.5355191256830601,0,1,1,Training1049
0.5355191256830601,0,2,1,Training1049
0.5355191256830601,0,3,1,Training1049
0.5355191256830601,0,4,1,Training1049
0.5355191256830601,0,5,1,Training1049
