Accuracy,Kappa,degree,scale,C,Resample
0.5245901639344263,0,1,0.001,0.25,Training1000
0.46174863387978143,-0.09057083219892918,2,0.001,0.25,Training1000
0.5245901639344263,0,3,0.001,0.25,Training1000
0.5218579234972678,-0.0037611659614481224,1,0.01,0.25,Training1000
0.5191256830601093,-0.009781790820165542,2,0.01,0.25,Training1000
0.5218579234972678,-0.0037611659614481224,3,0.01,0.25,Training1000
0.5273224043715847,0.008269899445540853,1,0.1,0.25,Training1000
0.5273224043715847,0.006589475666007731,2,0.1,0.25,Training1000
0.5300546448087432,0.02526941657376434,3,0.1,0.25,Training1000
0.5218579234972678,-0.0031951884221407684,1,0.001,0.5,Training1000
0.5245901639344263,0,2,0.001,0.5,Training1000
0.5245901639344263,5.649717514122771e-4,3,0.001,0.5,Training1000
0.5245901639344263,0.0011293054771317258,1,0.01,0.5,Training1000
0.5245901639344263,5.649717514122771e-4,2,0.01,0.5,Training1000
0.5191256830601093,-0.009781790820165542,3,0.01,0.5,Training1000
0.4426229508196721,-0.1277868406742795,1,0.1,0.5,Training1000
0.5245901639344263,0.0022560631697686115,2,0.1,0.5,Training1000
0.5355191256830601,0.032829695952247794,3,0.1,0.5,Training1000
0.5327868852459017,0.021390374331550846,1,0.001,1,Training1000
0.5245901639344263,5.649717514122771e-4,2,0.001,1,Training1000
0.5245901639344263,0,3,0.001,1,Training1000
0.5245901639344263,5.649717514122771e-4,1,0.01,1,Training1000
0.5245901639344263,5.649717514122771e-4,2,0.01,1,Training1000
0.5245901639344263,0.0011293054771317258,3,0.01,1,Training1000
0.5273224043715847,0.00715024931790394,1,0.1,1,Training1000
0.5300546448087432,0.012052730696798356,2,0.1,1,Training1000
0.5409836065573771,0.0452766908887647,3,0.1,1,Training1000
0.5245901639344263,-0.004194392759153332,1,0.001,0.25,Training1001
0.5355191256830601,0.023203240290118943,2,0.001,0.25,Training1001
0.5382513661202186,0.027422245982578256,3,0.001,0.25,Training1001
0.5273224043715847,6.313330597557646e-4,1,0.01,0.25,Training1001
0.5273224043715847,0,2,0.01,0.25,Training1001
0.5273224043715847,0,3,0.01,0.25,Training1001
0.5300546448087432,0.00734807152543465,1,0.1,0.25,Training1001
0.5327868852459017,0.0152931180968565,2,0.1,0.25,Training1001
0.5355191256830601,0.025650662407216078,3,0.1,0.25,Training1001
0.5136612021857924,-0.02340632756291429,1,0.001,0.5,Training1001
0.5273224043715847,0,2,0.001,0.5,Training1001
0.5300546448087432,0.006721575310044636,3,0.001,0.5,Training1001
0.5218579234972678,-0.009647214603234868,1,0.01,0.5,Training1001
0.5327868852459017,0.01899746073544618,2,0.01,0.5,Training1001
0.5273224043715847,6.313330597557646e-4,3,0.01,0.5,Training1001
0.5355191256830601,0.02074349208347765,1,0.1,0.5,Training1001
0.5300546448087432,0.008598696021921896,2,0.1,0.5,Training1001
0.5437158469945356,0.04613127750554023,3,0.1,0.5,Training1001
0.5273224043715847,0,1,0.001,1,Training1001
0.5245901639344263,-0.004194392759153332,2,0.001,1,Training1001
0.5273224043715847,0,3,0.001,1,Training1001
0.5300546448087432,0.009222827284459728,1,0.01,1,Training1001
0.5300546448087432,0.006721575310044636,2,0.01,1,Training1001
0.5273224043715847,0.0018916107065164015,3,0.01,1,Training1001
0.5300546448087432,0.00734807152543465,1,0.1,1,Training1001
0.5300546448087432,0.006721575310044636,2,0.1,1,Training1001
0.5437158469945356,0.03953612621389742,3,0.1,1,Training1001
0.5300546448087432,6.984570448916033e-4,1,0.001,0.25,Training1002
0.5081967213114754,-0.02853931180915497,2,0.001,0.25,Training1002
0.5300546448087432,0,3,0.001,0.25,Training1002
0.5327868852459017,0.009621166566446149,1,0.01,0.25,Training1002
0.5300546448087432,0.001395939086294616,2,0.01,0.25,Training1002
0.5300546448087432,0,3,0.01,0.25,Training1002
0.5355191256830601,0.01575550493545952,1,0.1,0.25,Training1002
0.45081967213114754,-0.11744691193000603,2,0.1,0.25,Training1002
0.5382513661202186,0.03663209045883555,3,0.1,0.25,Training1002
0.5300546448087432,0,1,0.001,0.5,Training1002
0.5300546448087432,0,2,0.001,0.5,Training1002
0.5300546448087432,0.001395939086294616,3,0.001,0.5,Training1002
0.5300546448087432,0.0027879863135216623,1,0.01,0.5,Training1002
0.46174863387978143,-0.093017615135069745,2,0.01,0.5,Training1002
0.5273224043715847,-0.005462571855051129,3,0.01,0.5,Training1002
0.5300546448087432,0,1,0.1,0.5,Training1002
0.5409836065573771,0.03405806208369987,2,0.1,0.5,Training1002
0.5273224043715847,1.2633041720622092e-4,3,0.1,0.5,Training1002
0.5300546448087432,0,1,0.001,1,Training1002
0.5300546448087432,0,2,0.001,1,Training1002
0.5300546448087432,0,3,0.001,1,Training1002
0.5245901639344263,-0.009511128019783094,1,0.01,1,Training1002
0.5300546448087432,6.984570448916033e-4,2,0.01,1,Training1002
0.5300546448087432,6.984570448916033e-4,3,0.01,1,Training1002
0.5355191256830601,0.015069967707212098,1,0.1,1,Training1002
0.5437158469945356,0.038811133826073235,2,0.1,1,Training1002
0.5491803278688525,0.045700199108751505,3,0.1,1,Training1002
0.5300546448087432,6.984570448916033e-4,1,0.001,0.25,Training1003
0.5273224043715847,-0.004059497002949589,2,0.001,0.25,Training1003
0.5382513661202186,0.029314836320266158,3,0.001,0.25,Training1003
0.5382513661202186,0.021885575128878287,1,0.01,0.25,Training1003
0.5327868852459017,0.006161272906278956,2,0.01,0.25,Training1003
0.5300546448087432,6.984570448916033e-4,3,0.01,0.25,Training1003
0.5327868852459017,0.00754812723985909,1,0.1,0.25,Training1003
0.5300546448087432,0,2,0.1,0.25,Training1003
0.5300546448087432,0,3,0.1,0.25,Training1003
0.5300546448087432,0.0027879863135216623,1,0.001,0.5,Training1003
0.5273224043715847,0.003587952034746529,2,0.001,0.5,Training1003
0.5382513661202186,0.022565658481084844,3,0.001,0.5,Training1003
0.5300546448087432,0.001395939086294616,1,0.01,0.5,Training1003
0.5273224043715847,-0.0026603325415676064,2,0.01,0.5,Training1003
0.5273224043715847,-0.004059497002949589,3,0.01,0.5,Training1003
0.5300546448087432,0,1,0.1,0.5,Training1003
0.5519125683060109,0.055097286065109184,2,0.1,0.5,Training1003
0.5409836065573771,0.03539156626506019,3,0.1,0.5,Training1003
0.5327868852459017,0.009621166566446149,1,0.001,1,Training1003
0.5300546448087432,6.984570448916033e-4,2,0.001,1,Training1003
0.4972677595628415,-0.05574716247570082,3,0.001,1,Training1003
0.5382513661202186,0.021885575128878287,1,0.01,1,Training1003
0.5300546448087432,0.004176157934700204,2,0.01,1,Training1003
0.5300546448087432,0.001395939086294616,3,0.01,1,Training1003
0.5300546448087432,0.002092448164352356,1,0.1,1,Training1003
0.5491803278688525,0.05163478752473397,2,0.1,1,Training1003
0.5437158469945356,0.03278792290407317,3,0.1,1,Training1003
0.4644808743169399,-0.1077892396071406,1,0.001,0.25,Training1004
0.5382513661202186,0.021885575128878287,2,0.001,0.25,Training1004
0.5300546448087432,0,3,0.001,0.25,Training1004
0.5300546448087432,0,1,0.01,0.25,Training1004
0.5300546448087432,0,2,0.01,0.25,Training1004
0.5300546448087432,0,3,0.01,0.25,Training1004
0.5300546448087432,6.984570448916033e-4,1,0.1,0.25,Training1004
0.5300546448087432,0,2,0.1,0.25,Training1004
0.546448087431694,0.05728649453823251,3,0.1,0.25,Training1004
0.5355191256830601,0.019848771266540676,1,0.001,0.5,Training1004
0.5300546448087432,6.984570448916033e-4,2,0.001,0.5,Training1004
0.5355191256830601,0.015069967707212098,3,0.001,0.5,Training1004
0.5300546448087432,0.001395939086294616,1,0.01,0.5,Training1004
0.5409836065573771,0.030708115265779636,2,0.01,0.5,Training1004
0.5273224043715847,-0.004059497002949589,3,0.01,0.5,Training1004
0.5409836065573771,0.03272086584445005,1,0.1,0.5,Training1004
0.5327868852459017,0.010310256491350204,2,0.1,0.5,Training1004
0.5519125683060109,0.06609410007468236,3,0.1,0.5,Training1004
0.5382513661202186,0.02595193852162134,1,0.001,1,Training1004
0.5546448087431693,0.06763979620541986,2,0.001,1,Training1004
0.5355191256830601,0.019848771266540676,3,0.001,1,Training1004
0.5382513661202186,0.025276560874909496,1,0.01,1,Training1004
0.5273224043715847,-0.005462571855051129,2,0.01,1,Training1004
0.5491803278688525,0.0490063305092753,3,0.01,1,Training1004
0.5300546448087432,0,1,0.1,1,Training1004
0.5382513661202186,0.021204544735259657,2,0.1,1,Training1004
0.5437158469945356,0.038811133826073235,3,0.1,1,Training1004
0.5273224043715847,-0.0033594269958480295,1,0.001,0.25,Training1005
0.5300546448087432,0.001395939086294616,2,0.001,0.25,Training1005
0.5027322404371585,-0.04788572866851254,3,0.001,0.25,Training1005
0.4207650273224044,-0.14903447458831878,1,0.01,0.25,Training1005
0.5491803278688525,0.05489999687001155,2,0.01,0.25,Training1005
0.5327868852459017,0.009621166566446149,3,0.01,0.25,Training1005
0.5327868852459017,0.010310256491350204,1,0.1,0.25,Training1005
0.5491803278688525,0.0535966149506347,2,0.1,0.25,Training1005
0.5546448087431693,0.0637770314804932,3,0.1,0.25,Training1005
0.5382513661202186,0.021885575128878287,1,0.001,0.5,Training1005
0.5300546448087432,0,2,0.001,0.5,Training1005
0.5300546448087432,0,3,0.001,0.5,Training1005
0.5327868852459017,0.006161272906278956,1,0.01,0.5,Training1005
0.5300546448087432,0,2,0.01,0.5,Training1005
0.5437158469945356,0.03547419914786169,3,0.01,0.5,Training1005
0.4098360655737705,-0.1691907240889731,1,0.1,0.5,Training1005
0.5573770491803278,0.06726654920714807,2,0.1,0.5,Training1005
0.546448087431694,0.04224730436975846,3,0.1,0.5,Training1005
0.5300546448087432,0,1,0.001,1,Training1005
0.5409836065573771,0.02936162151922734,2,0.001,1,Training1005
0.46174863387978143,-0.093017615135069745,3,0.001,1,Training1005
0.5300546448087432,0.001395939086294616,1,0.01,1,Training1005
0.5327868852459017,0.013741372246210186,2,0.01,1,Training1005
0.5355191256830601,0.013696024348487807,3,0.01,1,Training1005
0.5300546448087432,0,1,0.1,1,Training1005
0.5601092896174863,0.07653972731546758,2,0.1,1,Training1005
0.5273224043715847,-0.005462571855051129,3,0.1,1,Training1005
0.5273224043715847,-0.0026603325415676064,1,0.001,0.25,Training1006
0.5300546448087432,0,2,0.001,0.25,Training1006
0.546448087431694,0.04091684031066512,3,0.001,0.25,Training1006
0.46174863387978143,-0.1003571101547477,1,0.01,0.25,Training1006
0.5300546448087432,0.0027879863135216623,2,0.01,0.25,Training1006
0.5437158469945356,0.034804029940308935,3,0.01,0.25,Training1006
0.5300546448087432,0,1,0.1,0.25,Training1006
0.5546448087431693,0.07019731305133867,2,0.1,0.25,Training1006
0.5519125683060109,0.05900796388035351,3,0.1,0.25,Training1006
0.5327868852459017,0.006161272906278956,1,0.001,0.5,Training1006
0.5491803278688525,0.054248754972280606,2,0.001,0.5,Training1006
0.5382513661202186,0.029314836320266158,3,0.001,0.5,Training1006
0.5300546448087432,0,1,0.01,0.5,Training1006
0.5300546448087432,0.001395939086294616,2,0.01,0.5,Training1006
0.5300546448087432,0.004176157934700204,3,0.01,0.5,Training1006
0.5327868852459017,0.00754812723985909,1,0.1,0.5,Training1006
0.49453551912568305,-0.05892840386600364,2,0.1,0.5,Training1006
0.5519125683060109,0.06481366072541422,3,0.1,0.5,Training1006
0.5300546448087432,6.984570448916033e-4,1,0.001,1,Training1006
0.5437158469945356,0.04146410312705842,2,0.001,1,Training1006
0.5655737704918032,0.09114477588630313,3,0.001,1,Training1006
0.5300546448087432,0,1,0.01,1,Training1006
0.5382513661202186,0.023244796765941364,2,0.01,1,Training1006
0.5273224043715847,-0.005462571855051129,3,0.01,1,Training1006
0.5273224043715847,-5.688821465818129e-4,1,0.1,1,Training1006
0.5546448087431693,0.06828049351866293,2,0.1,1,Training1006
0.5573770491803278,0.07240300375469327,3,0.1,1,Training1006
0.5300546448087432,0,1,0.001,0.25,Training1007
0.5327868852459017,0.008931116389548795,2,0.001,0.25,Training1007
0.47540983606557374,-0.0800442641091851,3,0.001,0.25,Training1007
0.5300546448087432,0,1,0.01,0.25,Training1007
0.546448087431694,0.04224730436975846,2,0.01,0.25,Training1007
0.5300546448087432,0,3,0.01,0.25,Training1007
0.5355191256830601,0.017123720460002632,1,0.1,0.25,Training1007
0.5546448087431693,0.06506817113305102,2,0.1,0.25,Training1007
0.5491803278688525,0.045700199108751505,3,0.1,0.25,Training1007
0.546448087431694,0.04091684031066512,1,0.001,0.5,Training1007
0.5300546448087432,0,2,0.001,0.5,Training1007
0.5300546448087432,6.984570448916033e-4,3,0.001,0.5,Training1007
0.5327868852459017,0.006161272906278956,1,0.01,0.5,Training1007
0.5300546448087432,0.001395939086294616,2,0.01,0.5,Training1007
0.5327868852459017,0.010310256491350204,3,0.01,0.5,Training1007
0.5273224043715847,-5.688821465818129e-4,1,0.1,0.5,Training1007
0.5655737704918032,0.08926726971110184,2,0.1,0.5,Training1007
0.5519125683060109,0.059656598571249456,3,0.1,0.5,Training1007
0.5382513661202186,0.021885575128878287,1,0.001,1,Training1007
0.5300546448087432,0.001395939086294616,2,0.001,1,Training1007
0.5355191256830601,0.01575550493545952,3,0.001,1,Training1007
0.5409836065573771,0.027334851936218832,1,0.01,1,Training1007
0.5300546448087432,0,2,0.01,1,Training1007
0.5573770491803278,0.06726654920714807,3,0.01,1,Training1007
0.5273224043715847,-5.688821465818129e-4,1,0.1,1,Training1007
0.5519125683060109,0.05444234404536846,2,0.1,1,Training1007
0.5491803278688525,0.045700199108751505,3,0.1,1,Training1007
0.5273224043715847,-0.004059497002949589,1,0.001,0.25,Training1008
0.5109289617486339,-0.03168404144751356,2,0.001,0.25,Training1008
0.5382513661202186,0.02864411570715174,3,0.001,0.25,Training1008
0.5300546448087432,0,1,0.01,0.25,Training1008
0.5163934426229508,-0.02441569942123404,2,0.01,0.25,Training1008
0.546448087431694,0.04091684031066512,3,0.01,0.25,Training1008
0.5300546448087432,0,1,0.1,0.25,Training1008
0.5628415300546448,0.08259180348414584,2,0.1,0.25,Training1008
0.5546448087431693,0.06955925013256785,3,0.1,0.25,Training1008
0.5300546448087432,0,1,0.001,0.5,Training1008
0.5437158469945356,0.03413292879491817,2,0.001,0.5,Training1008
0.5300546448087432,6.984570448916033e-4,3,0.001,0.5,Training1008
0.5273224043715847,-0.0033594269958480295,1,0.01,0.5,Training1008
0.5300546448087432,0.001395939086294616,2,0.01,0.5,Training1008
0.5546448087431693,0.061833621638622174,3,0.01,0.5,Training1008
0.5273224043715847,-5.688821465818129e-4,1,0.1,0.5,Training1008
0.5546448087431693,0.0637770314804932,2,0.1,0.5,Training1008
0.5546448087431693,0.07274083745220535,3,0.1,0.5,Training1008
0.5382513661202186,0.021885575128878287,1,0.001,1,Training1008
0.5300546448087432,0,2,0.001,1,Training1008
0.5437158469945356,0.034804029940308935,3,0.001,1,Training1008
0.5437158469945356,0.034804029940308935,1,0.01,1,Training1008
0.5327868852459017,0.010998388167251516,2,0.01,1,Training1008
0.5491803278688525,0.04768663071246101,3,0.01,1,Training1008
0.5437158469945356,0.03814559531677848,1,0.1,1,Training1008
0.5601092896174863,0.07717605788204329,2,0.1,1,Training1008
0.5546448087431693,0.06506817113305102,3,0.1,1,Training1008
0.5573770491803278,0.07304108561065578,1,0.001,0.25,Training1009
0.5300546448087432,0,2,0.001,0.25,Training1009
0.5300546448087432,0,3,0.001,0.25,Training1009
0.5273224043715847,-0.004059497002949589,1,0.01,0.25,Training1009
0.5300546448087432,6.984570448916033e-4,2,0.01,0.25,Training1009
0.5437158469945356,0.03547419914786169,3,0.01,0.25,Training1009
0.5437158469945356,0.038811133826073235,1,0.1,0.25,Training1009
0.5546448087431693,0.061833621638622174,2,0.1,0.25,Training1009
0.5655737704918032,0.10224923637036805,3,0.1,0.25,Training1009
0.5300546448087432,0,1,0.001,0.5,Training1009
0.5409836065573771,0.03539156626506019,2,0.001,0.5,Training1009
0.5300546448087432,0,3,0.001,0.5,Training1009
0.5409836065573771,0.03539156626506019,1,0.01,0.5,Training1009
0.546448087431694,0.04291115311909269,2,0.01,0.5,Training1009
0.5546448087431693,0.06313012343352487,3,0.01,0.5,Training1009
0.5491803278688525,0.05163478752473397,1,0.1,0.5,Training1009
0.5765027322404371,0.11764705882352938,2,0.1,0.5,Training1009
0.5546448087431693,0.06571240642716183,3,0.1,0.5,Training1009
0.5409836065573771,0.028686970807532026,1,0.001,1,Training1009
0.5437158469945356,0.03614343835746052,2,0.001,1,Training1009
0.5382513661202186,0.026626380889434496,3,0.001,1,Training1009
0.5300546448087432,0,1,0.01,1,Training1009
0.546448087431694,0.04357408223663513,2,0.01,1,Training1009
0.5601092896174863,0.07398560517962081,3,0.01,1,Training1009
0.5273224043715847,-5.688821465818129e-4,1,0.1,1,Training1009
0.5300546448087432,0,2,0.1,1,Training1009
0.5382513661202186,0.03860859834001678,3,0.1,1,Training1009
0.5327868852459017,0.0030583962534645546,1,0.001,0.25,Training1010
0.5628415300546448,0.08089273942932461,2,0.001,0.25,Training1010
0.43989071038251365,-0.08259025192624019,3,0.001,0.25,Training1010
0.5737704918032787,0.1105710814094775,1,0.01,0.25,Training1010
0.5300546448087432,-0.003923069562721241,2,0.01,0.25,Training1010
0.5355191256830601,0.010023866348448587,3,0.01,0.25,Training1010
0.5382513661202186,0.016222922034545475,1,0.1,0.25,Training1010
0.5491803278688525,0.04024029751120444,2,0.1,0.25,Training1010
0.5573770491803278,0.07289614410357431,3,0.1,0.25,Training1010
0.5409836065573771,0.027611727867919236,1,0.001,0.5,Training1010
0.5327868852459017,0,2,0.001,0.5,Training1010
0.5546448087431693,0.06118402417146622,3,0.001,0.5,Training1010
0.546448087431694,0.03479172624154051,1,0.01,0.5,Training1010
0.5491803278688525,0.04678473340278449,2,0.01,0.5,Training1010
0.5355191256830601,0.010023866348448587,3,0.01,0.5,Training1010
0.5491803278688525,0.04678473340278449,1,0.1,0.5,Training1010
0.5655737704918032,0.09312762973352025,2,0.1,0.5,Training1010
0.5300546448087432,0.002187351402757925,3,0.1,0.5,Training1010
0.5327868852459017,0,1,0.001,1,Training1010
0.5546448087431693,0.06118402417146622,2,0.001,1,Training1010
0.43169398907103823,-0.10263317980359787,3,0.001,1,Training1010
0.5519125683060109,0.049320535968830063,1,0.01,1,Training1010
0.5519125683060109,0.05148383426566771,2,0.01,1,Training1010
0.5437158469945356,0.02934730824201997,3,0.01,1,Training1010
0.5546448087431693,0.059051764928550944,1,0.1,1,Training1010
0.5546448087431693,0.06330664154498326,2,0.1,1,Training1010
0.546448087431694,0.03772688396845017,3,0.1,1,Training1010
0.5683060109289617,0.10065318818040422,1,0.001,0.25,Training1011
0.5409836065573771,0.023193747219927577,2,0.001,0.25,Training1011
0.5792349726775956,0.11410788381742737,3,0.001,0.25,Training1011
0.5491803278688525,0.03545759463344523,1,0.01,0.25,Training1011
0.5710382513661202,0.10089187920513203,2,0.01,0.25,Training1011
0.5355191256830601,0,3,0.01,0.25,Training1011
0.5437158469945356,0.02699863096564664,1,0.1,0.25,Training1011
0.5655737704918032,0.0781878663076191,2,0.1,0.25,Training1011
0.5601092896174863,0.06889359415984556,3,0.1,0.25,Training1011
0.5355191256830601,0,1,0.001,0.5,Training1011
0.5355191256830601,0,2,0.001,0.5,Training1011
0.49453551912568305,-0.05431160661455591,3,0.001,0.5,Training1011
0.5382513661202186,0.006297593419657436,1,0.01,0.5,Training1011
0.5273224043715847,-0.010468864702690704,2,0.01,0.5,Training1011
0.5601092896174863,0.06505251800844085,3,0.01,0.5,Training1011
0.5546448087431693,0.053438263573763085,1,0.1,0.5,Training1011
0.5683060109289617,0.08811656364324456,2,0.1,0.5,Training1011
0.5519125683060109,0.04566268125158985,3,0.1,0.5,Training1011
0.5355191256830601,0,1,0.001,1,Training1011
0.42896174863387976,-0.12033158557661341,2,0.001,1,Training1011
0.5628415300546448,0.0765737353349312,3,0.001,1,Training1011
0.5546448087431693,0.05499762395057805,1,0.01,1,Training1011
0.5355191256830601,8.350462487151945e-4,2,0.01,1,Training1011
0.5601092896174863,0.06195676398484477,3,0.01,1,Training1011
0.5382513661202186,0.00795509222133138,1,0.1,1,Training1011
0.5628415300546448,0.07883974076637498,2,0.1,1,Training1011
0.5300546448087432,-0.010919835560123464,3,0.1,1,Training1011
0.5710382513661202,0.09500110246637458,1,0.001,0.25,Training1012
0.5355191256830601,8.350462487151945e-4,2,0.001,0.25,Training1012
0.5437158469945356,0.023766171538093038,3,0.001,0.25,Training1012
0.412568306010929,-0.1343520253711979,1,0.01,0.25,Training1012
0.5355191256830601,0.0016686990565434646,2,0.01,0.25,Training1012
0.5355191256830601,0,3,0.01,0.25,Training1012
0.5437158469945356,0.02699863096564664,1,0.1,0.25,Training1012
0.5601092896174863,0.06040118633797865,2,0.1,0.25,Training1012
0.5546448087431693,0.047149017728797184,3,0.1,0.25,Training1012
0.5710382513661202,0.09500110246637458,1,0.001,0.5,Training1012
0.5437158469945356,0.0286068465719463,2,0.001,0.5,Training1012
0.4344262295081967,-0.1346712595477011,3,0.001,0.5,Training1012
0.5846994535519126,0.1403671425922491,1,0.01,0.5,Training1012
0.4808743169398907,-0.0754051713472723,2,0.01,0.5,Training1012
0.5655737704918032,0.0781878663076191,3,0.01,0.5,Training1012
0.5437158469945356,0.022141874380059594,1,0.1,0.5,Training1012
0.5601092896174863,0.07118312789634616,2,0.1,0.5,Training1012
0.5628415300546448,0.08333855112391193,3,0.1,0.5,Training1012
0.4726775956284153,-0.0695920777686926,1,0.001,1,Training1012
0.5437158469945356,0.023766171538093038,2,0.001,1,Training1012
0.5792349726775956,0.11410788381742737,3,0.001,1,Training1012
0.5382513661202186,0.01043099862413215,1,0.01,1,Training1012
0.5355191256830601,0.0016686990565434646,2,0.01,1,Training1012
0.5655737704918032,0.0789465354056533,3,0.01,1,Training1012
0.5546448087431693,0.053438263573763085,1,0.1,1,Training1012
0.5382513661202186,0.01697339563268816,2,0.1,1,Training1012
0.5628415300546448,0.0780856423173803,3,0.1,1,Training1012
0.5519125683060109,0.048808316430020204,1,0.001,0.25,Training1013
0.5655737704918032,0.09312762973352025,2,0.001,0.25,Training1013
0.5355191256830601,0,3,0.001,0.25,Training1013
0.5355191256830601,0,1,0.01,0.25,Training1013
0.5355191256830601,0.0033318382776959072,2,0.01,0.25,Training1013
0.44808743169398907,-0.11727014447198218,3,0.01,0.25,Training1013
0.5491803278688525,0.041032807190268986,1,0.1,0.25,Training1013
0.4918032786885246,-0.060439902797682195,2,0.1,0.25,Training1013
0.5655737704918032,0.08046013336282885,3,0.1,0.25,Training1013
0.5792349726775956,0.11483133362648396,1,0.001,0.5,Training1013
0.5355191256830601,0,2,0.001,0.5,Training1013
0.5683060109289617,0.08811656364324456,3,0.001,0.5,Training1013
0.5382513661202186,0.008781769815070097,1,0.01,0.5,Training1013
0.5355191256830601,0,2,0.01,0.5,Training1013
0.5628415300546448,0.07047619047619043,3,0.01,0.5,Training1013
0.5409836065573771,0.019142419601837806,1,0.1,0.5,Training1013
0.5710382513661202,0.09869184678608393,2,0.1,0.5,Training1013
0.5546448087431693,0.06500956022944528,3,0.1,0.5,Training1013
0.546448087431694,0.03322512889058624,1,0.001,1,Training1013
0.5355191256830601,0,2,0.001,1,Training1013
0.5683060109289617,0.095533033033033,3,0.001,1,Training1013
0.5382513661202186,0.01043099862413215,1,0.01,1,Training1013
0.546448087431694,0.03242451267677403,2,0.01,1,Training1013
0.5437158469945356,0.023766171538093038,3,0.01,1,Training1013
0.5327868852459017,3.83325347388651e-4,1,0.1,1,Training1013
0.4972677595628415,-0.0584685024519049,2,0.1,1,Training1013
0.5655737704918032,0.0781878663076191,3,0.1,1,Training1013
0.5846994535519126,0.13967586292218218,1,0.001,0.25,Training1014
0.546448087431694,0.030014688038827543,2,0.001,0.25,Training1014
0.4726775956284153,-0.08410325669910072,3,0.001,0.25,Training1014
0.5027322404371585,-0.0469634100339494,1,0.01,0.25,Training1014
0.5491803278688525,0.0394464768570065,2,0.01,0.25,Training1014
0.5710382513661202,0.09351632749645035,3,0.01,0.25,Training1014
0.5437158469945356,0.023766171538093038,1,0.1,0.25,Training1014
0.5655737704918032,0.07514065032897864,2,0.1,0.25,Training1014
0.4808743169398907,-0.08765015015015015,3,0.1,0.25,Training1014
0.5519125683060109,0.051153967752133864,1,0.001,0.5,Training1014
0.5355191256830601,0,2,0.001,0.5,Training1014
0.5409836065573771,0.01751246324939295,3,0.001,0.5,Training1014
0.45081967213114754,-0.10782158238713382,1,0.01,0.5,Training1014
0.5519125683060109,0.0417012580624559,2,0.01,0.5,Training1014
0.5601092896174863,0.06350719938972049,3,0.01,0.5,Training1014
0.5382513661202186,0.00795509222133138,1,0.1,0.5,Training1014
0.5382513661202186,0.006297593419657436,2,0.1,0.5,Training1014
0.5355191256830601,0,3,0.1,0.5,Training1014
0.505464480874317,-0.044197850004728735,1,0.001,1,Training1014
0.5355191256830601,8.350462487151945e-4,2,0.001,1,Training1014
0.5355191256830601,0.0041613316261202415,3,0.001,1,Training1014
0.5355191256830601,8.350462487151945e-4,1,0.01,1,Training1014
0.5573770491803278,0.058857142857142795,2,0.01,1,Training1014
0.5710382513661202,0.08828102687779638,3,0.01,1,Training1014
0.5409836065573771,0.0166954519286128,1,0.1,1,Training1014
0.5382513661202186,0.008781769815070097,2,0.1,1,Training1014
0.546448087431694,0.05050947052572361,3,0.1,1,Training1014
0.5437158469945356,0.030209754704407787,1,0.001,0.25,Training1015
0.5355191256830601,0,2,0.001,0.25,Training1015
0.5437158469945356,0.030209754704407787,3,0.001,0.25,Training1015
0.5683060109289617,0.09773450664669524,1,0.01,0.25,Training1015
0.5437158469945356,0.030209754704407787,2,0.01,0.25,Training1015
0.5437158469945356,0.023766171538093038,3,0.01,0.25,Training1015
0.5437158469945356,0.026192524615237515,1,0.1,0.25,Training1015
0.5628415300546448,0.07733030818680264,2,0.1,0.25,Training1015
0.4808743169398907,-0.08061909497762307,3,0.1,0.25,Training1015
0.5437158469945356,0.023766171538093038,1,0.001,0.5,Training1015
0.5573770491803278,0.06118183545506348,2,0.001,0.5,Training1015
0.5409836065573771,0.0166954519286128,3,0.001,0.5,Training1015
0.5546448087431693,0.05499762395057805,1,0.01,0.5,Training1015
0.5491803278688525,0.04261390659183866,2,0.01,0.5,Training1015
0.5491803278688525,0.03785488958990534,3,0.01,0.5,Training1015
0.5437158469945356,0.021327697185128218,1,0.1,0.5,Training1015
0.5683060109289617,0.09109769898151637,2,0.1,0.5,Training1015
0.5573770491803278,0.05573958466046601,3,0.1,0.5,Training1015
0.5737704918032787,0.10186874724721563,1,0.001,1,Training1015
0.5355191256830601,0.0016686990565434646,2,0.001,1,Training1015
0.546448087431694,0.030014688038827543,3,0.001,1,Training1015
0.5491803278688525,0.04261390659183866,1,0.01,1,Training1015
0.5437158469945356,0.023766171538093038,2,0.01,1,Training1015
0.5355191256830601,0,3,0.01,1,Training1015
0.5437158469945356,0.02699863096564664,1,0.1,1,Training1015
0.5355191256830601,0,2,0.1,1,Training1015
0.5491803278688525,0.06042878924604049,3,0.1,1,Training1015
0.5491803278688525,0.03785488958990534,1,0.001,0.25,Training1016
0.5327868852459017,-0.002113555576904667,2,0.001,0.25,Training1016
0.5409836065573771,0.0166954519286128,3,0.001,0.25,Training1016
0.5355191256830601,0.0041613316261202415,1,0.01,0.25,Training1016
0.5546448087431693,0.05655185501470715,2,0.01,0.25,Training1016
0.5355191256830601,0,3,0.01,0.25,Training1016
0.5437158469945356,0.025385081481009108,1,0.1,0.25,Training1016
0.546448087431694,0.028401458453272185,2,0.1,0.25,Training1016
0.5710382513661202,0.09795610812847301,3,0.1,0.25,Training1016
0.4180327868852459,-0.16033102134373228,1,0.001,0.5,Training1016
0.5382513661202186,0.006297593419657436,2,0.001,0.5,Training1016
0.42349726775956287,-0.1458883580140665,3,0.001,0.5,Training1016
0.43169398907103823,-0.10863866721034553,1,0.01,0.5,Training1016
0.5655737704918032,0.08121506836338366,2,0.01,0.5,Training1016
0.5628415300546448,0.0727721831654948,3,0.01,0.5,Training1016
0.5355191256830601,8.350462487151945e-4,1,0.1,0.5,Training1016
0.5737704918032787,0.10260279139947187,2,0.1,0.5,Training1016
0.5546448087431693,0.047939740193418415,3,0.1,0.5,Training1016
0.5491803278688525,0.043402502772057754,1,0.001,1,Training1016
0.5355191256830601,8.350462487151945e-4,2,0.001,1,Training1016
0.5546448087431693,0.05655185501470715,3,0.001,1,Training1016
0.5273224043715847,-0.01467901669818271,1,0.01,1,Training1016
0.5546448087431693,0.05265665195159883,2,0.01,1,Training1016
0.5573770491803278,0.05573958466046601,3,0.01,1,Training1016
0.5437158469945356,0.022141874380059594,1,0.1,1,Training1016
0.5628415300546448,0.07883974076637498,2,0.1,1,Training1016
0.5628415300546448,0.0727721831654948,3,0.1,1,Training1016
0.5519125683060109,0.05220274751302685,1,0.001,0.25,Training1017
0.5382513661202186,0.016222922034545475,2,0.001,0.25,Training1017
0.5327868852459017,0.0038200744914526573,3,0.001,0.25,Training1017
0.5327868852459017,0,1,0.01,0.25,Training1017
0.5327868852459017,0.00153154015506866,2,0.01,0.25,Training1017
0.47540983606557374,-0.07380581278078299,3,0.01,0.25,Training1017
0.5409836065573771,0.020922900544568683,1,0.1,0.25,Training1017
0.5519125683060109,0.06913557271796768,2,0.1,0.25,Training1017
0.5327868852459017,0,3,0.1,0.25,Training1017
0.5437158469945356,0.0366903073286053,1,0.001,0.5,Training1017
0.5327868852459017,0,2,0.001,0.5,Training1017
0.5519125683060109,0.055067535656937575,3,0.001,0.5,Training1017
0.5327868852459017,0,1,0.01,0.5,Training1017
0.5327868852459017,0,2,0.01,0.5,Training1017
0.5573770491803278,0.06376125059213629,3,0.01,0.5,Training1017
0.5491803278688525,0.04461319411485529,1,0.1,0.5,Training1017
0.5601092896174863,0.07340315124068286,2,0.1,0.5,Training1017
0.5655737704918032,0.09583294490537883,3,0.1,0.5,Training1017
0.546448087431694,0.04282068248416691,1,0.001,1,Training1017
0.546448087431694,0.04137082268294987,2,0.001,1,Training1017
0.546448087431694,0.04282068248416691,3,0.001,1,Training1017
0.5409836065573771,0.02241724697128687,1,0.01,1,Training1017
0.5355191256830601,0.010779357054278365,2,0.01,1,Training1017
0.5546448087431693,0.054758056849510246,3,0.01,1,Training1017
0.5355191256830601,0.013038926429999148,1,0.1,1,Training1017
0.5519125683060109,0.04714734736641587,2,0.1,1,Training1017
0.5327868852459017,0,3,0.1,1,Training1017
0.5546448087431693,0.0703132304815333,1,0.001,0.25,Training1018
0.5491803278688525,0.03545759463344523,2,0.001,0.25,Training1018
0.5628415300546448,0.09073970560834715,3,0.001,0.25,Training1018
0.5382513661202186,0.01043099862413215,1,0.01,0.25,Training1018
0.5355191256830601,0,2,0.01,0.25,Training1018
0.5491803278688525,0.03785488958990534,3,0.01,0.25,Training1018
0.5519125683060109,0.04723809523809516,1,0.1,0.25,Training1018
0.5710382513661202,0.09574166745349817,2,0.1,0.25,Training1018
0.5355191256830601,0,3,0.1,0.25,Training1018
0.5355191256830601,0.0016686990565434646,1,0.001,0.5,Training1018
0.5355191256830601,0.0033318382776959072,2,0.001,0.5,Training1018
0.49453551912568305,-0.05175681133306412,3,0.001,0.5,Training1018
0.5355191256830601,0,1,0.01,0.5,Training1018
0.5409836065573771,0.0166954519286128,2,0.01,0.5,Training1018
0.5628415300546448,0.0727721831654948,3,0.01,0.5,Training1018
0.5355191256830601,8.350462487151945e-4,1,0.1,0.5,Training1018
0.5683060109289617,0.09773450664669524,2,0.1,0.5,Training1018
0.5655737704918032,0.08646510313647902,3,0.1,0.5,Training1018
0.5355191256830601,0,1,0.001,1,Training1018
0.5491803278688525,0.043402502772057754,2,0.001,1,Training1018
0.5683060109289617,0.095533033033033,3,0.001,1,Training1018
0.5655737704918032,0.08422245302615418,1,0.01,1,Training1018
0.5546448087431693,0.05187374845046235,2,0.01,1,Training1018
0.5355191256830601,0.0016686990565434646,3,0.01,1,Training1018
0.5519125683060109,0.04723809523809516,1,0.1,1,Training1018
0.5683060109289617,0.08586784698071437,2,0.1,1,Training1018
0.5546448087431693,0.05265665195159883,3,0.1,1,Training1018
0.5437158469945356,0.02699863096564664,1,0.001,0.25,Training1019
0.5491803278688525,0.04182400913908555,2,0.001,0.25,Training1019
0.5245901639344263,-0.01757637734884306,3,0.001,0.25,Training1019
0.5819672131147541,0.12093811811246098,1,0.01,0.25,Training1019
0.5491803278688525,0.037057116433332364,2,0.01,0.25,Training1019
0.5355191256830601,0,3,0.01,0.25,Training1019
0.5409836065573771,0.01751246324939295,1,0.1,0.25,Training1019
0.5519125683060109,0.040905023648216715,2,0.1,0.25,Training1019
0.5737704918032787,0.11490047746015986,3,0.1,0.25,Training1019
0.5355191256830601,0,1,0.001,0.5,Training1019
0.5,-0.047152997092023405,2,0.001,0.5,Training1019
0.546448087431694,0.03322512889058624,3,0.001,0.5,Training1019
0.5710382513661202,0.0964810214157676,1,0.01,0.5,Training1019
0.5327868852459017,-0.0037850842020848304,2,0.01,0.5,Training1019
0.5628415300546448,0.07353499557018094,3,0.01,0.5,Training1019
0.5355191256830601,0,1,0.1,0.5,Training1019
0.5683060109289617,0.09846595160887998,2,0.1,0.5,Training1019
0.5601092896174863,0.07346142960470434,3,0.1,0.5,Training1019
0.5628415300546448,0.08705412821152403,1,0.001,1,Training1019
0.5546448087431693,0.055775379063657135,2,0.001,1,Training1019
0.5027322404371585,-0.05820677384507856,3,0.001,1,Training1019
0.5355191256830601,0,1,0.01,1,Training1019
0.5601092896174863,0.06659274512909857,2,0.01,1,Training1019
0.5765027322404371,0.10063730619233312,3,0.01,1,Training1019
0.5519125683060109,0.04566268125158985,1,0.1,1,Training1019
0.5710382513661202,0.09277211152862412,2,0.1,1,Training1019
0.5628415300546448,0.09073970560834715,3,0.1,1,Training1019
0.5382513661202186,0,1,0.001,0.25,Training1020
0.4371584699453552,-0.07964601769911507,2,0.001,0.25,Training1020
0.5601092896174863,0.06759707585683072,3,0.001,0.25,Training1020
0.5382513661202186,0,1,0.01,0.25,Training1020
0.5819672131147541,0.118613655680423,2,0.01,0.25,Training1020
0.5382513661202186,0.001807442791208101,3,0.01,0.25,Training1020
0.4207650273224044,-0.1604103729847755,1,0.1,0.25,Training1020
0.5737704918032787,0.10014184397163114,2,0.1,0.25,Training1020
0.5846994535519126,0.13842341644726647,3,0.1,0.25,Training1020
0.43989071038251365,-0.10771547524138537,1,0.001,0.5,Training1020
0.5683060109289617,0.10129611786280407,2,0.001,0.5,Training1020
0.5382513661202186,0,3,0.001,0.5,Training1020
0.5382513661202186,0,1,0.01,0.5,Training1020
0.48360655737704916,-0.07269794994262349,2,0.01,0.5,Training1020
0.5491803278688525,0.03329598207139428,3,0.01,0.5,Training1020
0.5355191256830601,8.671355621928944e-4,1,0.1,0.5,Training1020
0.5737704918032787,0.10014184397163114,2,0.1,0.5,Training1020
0.4808743169398907,-0.07884203667504433,3,0.1,0.5,Training1020
0.5491803278688525,0.03846766232525562,1,0.001,1,Training1020
0.5437158469945356,0.021578357611653595,2,0.001,1,Training1020
0.5409836065573771,0.012621639849696522,3,0.001,1,Training1020
0.5409836065573771,0.006366956465531244,1,0.01,1,Training1020
0.5655737704918032,0.07343247460433704,2,0.01,1,Training1020
0.5437158469945356,0.016287378890784614,3,0.01,1,Training1020
0.5409836065573771,0.008162080201309657,1,0.1,1,Training1020
0.5409836065573771,0.006366956465531244,2,0.1,1,Training1020
0.5573770491803278,0.07451690444229377,3,0.1,1,Training1020
0.5409836065573771,0.0019477989871443237,1,0.001,0.25,Training1021
0.5382513661202186,-0.0025284450063212346,2,0.001,0.25,Training1021
0.5710382513661202,0.10520414836961581,3,0.001,0.25,Training1021
0.5765027322404371,0.10149196997054045,1,0.01,0.25,Training1021
0.5710382513661202,0.09420221318452653,2,0.01,0.25,Training1021
0.5765027322404371,0.0980635314318419,3,0.01,0.25,Training1021
0.5409836065573771,0.0019477989871443237,1,0.1,0.25,Training1021
0.5765027322404371,0.09720232980043919,2,0.1,0.25,Training1021
0.5655737704918032,0.08698107879130176,3,0.1,0.25,Training1021
0.5409836065573771,0,1,0.001,0.5,Training1021
0.5628415300546448,0.06852452758159942,2,0.001,0.5,Training1021
0.4918032786885246,-0.059581621217781315,3,0.001,0.5,Training1021
0.5655737704918032,0.0921089581578208,1,0.01,0.5,Training1021
0.5409836065573771,0.0019477989871443237,2,0.01,0.5,Training1021
0.5601092896174863,0.05412693826447065,3,0.01,0.5,Training1021
0.5546448087431693,0.044218014034413056,1,0.1,0.5,Training1021
0.5792349726775956,0.10345485779728948,2,0.1,0.5,Training1021
0.5737704918032787,0.08570330514988461,3,0.1,0.5,Training1021
0.5409836065573771,0.00678426051560405,1,0.001,1,Training1021
0.5710382513661202,0.10520414836961581,2,0.001,1,Training1021
0.5628415300546448,0.07993966817496208,3,0.001,1,Training1021
0.5573770491803278,0.05417304747320054,1,0.01,1,Training1021
0.44808743169398907,-0.12653135856646566,2,0.01,1,Training1021
0.5409836065573771,9.748488984206431e-4,3,0.01,1,Training1021
0.546448087431694,0.017656189367481458,1,0.1,1,Training1021
0.5710382513661202,0.08555332760431582,2,0.1,1,Training1021
0.5710382513661202,0.10352897126275389,3,0.1,1,Training1021
0.5409836065573771,9.748488984206431e-4,1,0.001,0.25,Training1022
0.5409836065573771,0,2,0.001,0.25,Training1022
0.505464480874317,-0.04624277456647404,3,0.001,0.25,Training1022
0.42896174863387976,-0.14618358356558495,1,0.01,0.25,Training1022
0.5273224043715847,-0.02129100938739977,2,0.01,0.25,Training1022
0.5491803278688525,0.03155970364668526,3,0.01,0.25,Training1022
0.5437158469945356,0.010298260954046472,1,0.1,0.25,Training1022
0.5519125683060109,0.030432254312851362,2,0.1,0.25,Training1022
0.5300546448087432,-0.009040200038469042,3,0.1,0.25,Training1022
0.5409836065573771,9.748488984206431e-4,1,0.001,0.5,Training1022
0.5409836065573771,0,2,0.001,0.5,Training1022
0.5491803278688525,0.026878081794450375,3,0.001,0.5,Training1022
0.5737704918032787,0.09526525955504847,1,0.01,0.5,Training1022
0.5546448087431693,0.04052880440026979,2,0.01,0.5,Training1022
0.5136612021857924,-0.034292246142122264,3,0.01,0.5,Training1022
0.5409836065573771,0,1,0.1,0.5,Training1022
0.5792349726775956,0.10855949895615848,2,0.1,0.5,Training1022
0.5737704918032787,0.09440426341834779,3,0.1,0.5,Training1022
0.5409836065573771,0,1,0.001,1,Training1022
0.5437158469945356,0.020763241372681075,2,0.001,1,Training1022
0.5409836065573771,0,3,0.001,1,Training1022
0.5573770491803278,0.055077452667813956,1,0.01,1,Training1022
0.5601092896174863,0.05594540036527916,2,0.01,1,Training1022
0.5409836065573771,0,3,0.01,1,Training1022
0.4262295081967213,-0.15115025161754153,1,0.1,1,Training1022
0.5491803278688525,0.02310006794137648,2,0.1,1,Training1022
0.5546448087431693,0.0657709292492717,3,0.1,1,Training1022
0.5382513661202186,0,1,0.001,0.25,Training1023
0.5409836065573771,0.006366956465531244,2,0.001,0.25,Training1023
0.5519125683060109,0.045571633010017286,3,0.001,0.25,Training1023
0.46174863387978143,-0.10562149231760048,1,0.01,0.25,Training1023
0.5382513661202186,0,2,0.01,0.25,Training1023
0.5792349726775956,0.12175511857645918,3,0.01,0.25,Training1023
0.5409836065573771,0.01084263698079236,1,0.1,0.25,Training1023
0.5710382513661202,0.08995597225301695,2,0.1,0.25,Training1023
0.5382513661202186,0,3,0.1,0.25,Training1023
0.5683060109289617,0.1005132991133924,1,0.001,0.5,Training1023
0.5382513661202186,0.013398411331227893,2,0.001,0.5,Training1023
0.5437158469945356,0.02332939183790868,3,0.001,0.5,Training1023
0.5382513661202186,0.006297593419657436,1,0.01,0.5,Training1023
0.41530054644808745,-0.1674467133700998,2,0.01,0.5,Training1023
0.5382513661202186,0,3,0.01,0.5,Training1023
0.5437158469945356,0.01894000192610198,1,0.1,0.5,Training1023
0.5437158469945356,0.014510979974847559,2,0.1,0.5,Training1023
0.43989071038251365,-0.13781808255739894,3,0.1,0.5,Training1023
0.5382513661202186,0,1,0.001,1,Training1023
0.546448087431694,0.02874316590465834,2,0.001,1,Training1023
0.4207650273224044,-0.16431079499414786,3,0.001,1,Training1023
0.5382513661202186,0,1,0.01,1,Training1023
0.5573770491803278,0.05468575619399881,2,0.01,1,Training1023
0.5765027322404371,0.09915203099691919,3,0.01,1,Training1023
0.5382513661202186,0.004506389416422738,1,0.1,1,Training1023
0.5409836065573771,0.009057211925866218,2,0.1,1,Training1023
0.5601092896174863,0.06511185149928594,3,0.1,1,Training1023
0.453551912568306,-0.10771465754668458,1,0.001,0.25,Training1024
0.5382513661202186,9.045388467131e-4,2,0.001,0.25,Training1024
0.5710382513661202,0.09477299221777602,3,0.001,0.25,Training1024
0.4453551912568306,-0.08791401880106607,1,0.01,0.25,Training1024
0.5491803278688525,0.03846766232525562,2,0.01,0.25,Training1024
0.5163934426229508,-0.03422842364060172,3,0.01,0.25,Training1024
0.42896174863387976,-0.10022149987055218,1,0.1,0.25,Training1024
0.5546448087431693,0.043298373905513325,2,0.1,0.25,Training1024
0.4781420765027322,-0.09739097673542452,3,0.1,0.25,Training1024
0.5382513661202186,0.001807442791208101,1,0.001,0.5,Training1024
0.5519125683060109,0.06062787567685973,2,0.001,0.5,Training1024
0.5382513661202186,0,3,0.001,0.5,Training1024
0.546448087431694,0.026127656846087314,1,0.01,0.5,Training1024
0.5437158469945356,0.02332939183790868,2,0.01,0.5,Training1024
0.5519125683060109,0.03786105857083303,3,0.01,0.5,Training1024
0.5491803278688525,0.03674992822279649,1,0.1,0.5,Training1024
0.5683060109289617,0.0821243770039045,2,0.1,0.5,Training1024
0.5683060109289617,0.07884927840963377,3,0.1,0.5,Training1024
0.5546448087431693,0.06921084656910158,1,0.001,1,Training1024
0.43169398907103823,-0.0945164907841389,2,0.001,1,Training1024
0.5601092896174863,0.08383345253272778,3,0.001,1,Training1024
0.48360655737704916,-0.07456426507596241,1,0.01,1,Training1024
0.5573770491803278,0.052994729276473286,2,0.01,1,Training1024
0.5710382513661202,0.08427091633466112,3,0.01,1,Training1024
0.5437158469945356,0.017173178967679763,1,0.1,1,Training1024
0.43169398907103823,-0.12625380950971984,2,0.1,1,Training1024
0.5218579234972678,-0.014380285705235758,3,0.1,1,Training1024
0.5655737704918032,0.08243196367191181,1,0.001,0.25,Training1025
0.5382513661202186,0,2,0.001,0.25,Training1025
0.5382513661202186,0,3,0.001,0.25,Training1025
0.5355191256830601,-9.33045912293459e-4,1,0.01,0.25,Training1025
0.5546448087431693,0.05349833412660626,2,0.01,0.25,Training1025
0.5382513661202186,0,3,0.01,0.25,Training1025
0.5136612021857924,-0.03222739804163897,1,0.1,0.25,Training1025
0.5628415300546448,0.066356302413826,2,0.1,0.25,Training1025
0.5628415300546448,0.07461837489333438,3,0.1,0.25,Training1025
0.5273224043715847,-0.01722199016804301,1,0.001,0.5,Training1025
0.546448087431694,0.02787289193254168,2,0.001,0.5,Training1025
0.43169398907103823,-0.14042604188513055,3,0.001,0.5,Training1025
0.5382513661202186,0.006297593419657436,1,0.01,0.5,Training1025
0.546448087431694,0.029611883085769133,2,0.01,0.5,Training1025
0.5382513661202186,0,3,0.01,0.5,Training1025
0.5382513661202186,0.004506389416422738,1,0.1,0.5,Training1025
0.5710382513661202,0.09477299221777602,2,0.1,0.5,Training1025
0.5683060109289617,0.08780010726567164,3,0.1,0.5,Training1025
0.5382513661202186,0,1,0.001,1,Training1025
0.5382513661202186,0,2,0.001,1,Training1025
0.5573770491803278,0.07045433167152662,3,0.001,1,Training1025
0.5409836065573771,0.019674117534517487,1,0.01,1,Training1025
0.5382513661202186,9.045388467131e-4,2,0.01,1,Training1025
0.5546448087431693,0.043298373905513325,3,0.01,1,Training1025
0.5409836065573771,0.006366956465531244,1,0.1,1,Training1025
0.5655737704918032,0.07999494103139716,2,0.1,1,Training1025
0.5655737704918032,0.07177720356014915,3,0.1,1,Training1025
0.5409836065573771,0.023193747219927577,1,0.001,0.25,Training1026
0.5683060109289617,0.09109769898151637,2,0.001,0.25,Training1026
0.5355191256830601,0,3,0.001,0.25,Training1026
0.5546448087431693,0.07181753119457311,1,0.01,0.25,Training1026
0.5573770491803278,0.06503090702661783,2,0.01,0.25,Training1026
0.5136612021857924,-0.03752070327430263,3,0.01,0.25,Training1026
0.5491803278688525,0.03785488958990534,1,0.1,0.25,Training1026
0.5683060109289617,0.0851158081255537,2,0.1,0.25,Training1026
0.5245901639344263,-0.011692190379360765,3,0.1,0.25,Training1026
0.5573770491803278,0.08085818813170444,1,0.001,0.5,Training1026
0.5710382513661202,0.09942638623326941,2,0.001,0.5,Training1026
0.5355191256830601,0,3,0.001,0.5,Training1026
0.5355191256830601,0,1,0.01,0.5,Training1026
0.5355191256830601,0,2,0.01,0.5,Training1026
0.5491803278688525,0.037057116433332364,3,0.01,0.5,Training1026
0.5382513661202186,0.016160330841418755,1,0.1,0.5,Training1026
0.5737704918032787,0.10770769519284853,2,0.1,0.5,Training1026
0.5655737704918032,0.07590434147425901,3,0.1,0.5,Training1026
0.5546448087431693,0.06955925013256785,1,0.001,1,Training1026
0.5245901639344263,-0.01757637734884306,2,0.001,1,Training1026
0.5355191256830601,0,3,0.001,1,Training1026
0.5355191256830601,0.0016686990565434646,1,0.01,1,Training1026
0.5409836065573771,0.018328118015198944,2,0.01,1,Training1026
0.5355191256830601,0,3,0.01,1,Training1026
0.5355191256830601,0,1,0.1,1,Training1026
0.5437158469945356,0.022141874380059594,2,0.1,1,Training1026
0.5601092896174863,0.08763509119623437,3,0.1,1,Training1026
0.5382513661202186,0.020212260415016704,1,0.001,0.25,Training1027
0.5355191256830601,8.350462487151945e-4,2,0.001,0.25,Training1027
0.5081967213114754,-0.035458317615993905,3,0.001,0.25,Training1027
0.4453551912568306,-0.12324252411332508,1,0.01,0.25,Training1027
0.5355191256830601,0,2,0.01,0.25,Training1027
0.5355191256830601,0.005816183049980946,3,0.01,0.25,Training1027
0.5327868852459017,-0.0037850842020848304,1,0.1,0.25,Training1027
0.5710382513661202,0.09574166745349817,2,0.1,0.25,Training1027
0.5683060109289617,0.09992528950317517,3,0.1,0.25,Training1027
0.5300546448087432,-0.00839366950727239,1,0.001,0.5,Training1027
0.5273224043715847,-0.016372917268612355,2,0.001,0.5,Training1027
0.4426229508196721,-0.09812919166960828,3,0.001,0.5,Training1027
0.505464480874317,-0.04505442498816861,1,0.01,0.5,Training1027
0.5437158469945356,0.02457629823497491,2,0.01,0.5,Training1027
0.5355191256830601,0.005816183049980946,3,0.01,0.5,Training1027
0.5355191256830601,0.008288173414089899,1,0.1,0.5,Training1027
0.5710382513661202,0.09425932347656119,2,0.1,0.5,Training1027
0.5683060109289617,0.09773450664669524,3,0.1,0.5,Training1027
0.546448087431694,0.034822393086357026,1,0.001,1,Training1027
0.5355191256830601,0,2,0.001,1,Training1027
0.5327868852459017,-0.005462198374192786,3,0.001,1,Training1027
0.5355191256830601,0,1,0.01,1,Training1027
0.5355191256830601,0.0016686990565434646,2,0.01,1,Training1027
0.5355191256830601,0,3,0.01,1,Training1027
0.5409836065573771,0.0215772388772198,1,0.1,1,Training1027
0.5546448087431693,0.05732705495686226,2,0.1,1,Training1027
0.5628415300546448,0.07429655390452086,3,0.1,1,Training1027
0.47540983606557374,-0.08454486526530242,1,0.001,0.25,Training1028
0.5382513661202186,0,2,0.001,0.25,Training1028
0.5382513661202186,0.01427888446215131,3,0.001,0.25,Training1028
0.5409836065573771,0.006366956465531244,1,0.01,0.25,Training1028
0.5382513661202186,0.004506389416422738,2,0.01,0.25,Training1028
0.4262295081967213,-0.13708317306269793,3,0.01,0.25,Training1028
0.5437158469945356,0.018057385213507658,1,0.1,0.25,Training1028
0.5546448087431693,0.044156759701348955,2,0.1,0.25,Training1028
0.5765027322404371,0.10154888980393394,3,0.1,0.25,Training1028
0.5382513661202186,0,1,0.001,0.5,Training1028
0.5355191256830601,-9.33045912293459e-4,2,0.001,0.5,Training1028
0.5382513661202186,0,3,0.001,0.5,Training1028
0.5683060109289617,0.0902111324376199,1,0.01,0.5,Training1028
0.5136612021857924,-0.02676122931442077,2,0.01,0.5,Training1028
0.5382513661202186,9.045388467131e-4,3,0.01,0.5,Training1028
0.5437158469945356,0.025944223107569653,1,0.1,0.5,Training1028
0.5628415300546448,0.06384883460689941,2,0.1,0.5,Training1028
0.5546448087431693,0.043298373905513325,3,0.1,0.5,Training1028
0.48360655737704916,-0.07176722134424111,1,0.001,1,Training1028
0.5027322404371585,-0.06012668300601583,2,0.001,1,Training1028
0.5382513661202186,0.01427888446215131,3,0.001,1,Training1028
0.5382513661202186,0,1,0.01,1,Training1028
0.5382513661202186,0,2,0.01,1,Training1028
0.5601092896174863,0.06094023904382444,3,0.01,1,Training1028
0.5382513661202186,0,1,0.1,1,Training1028
0.5409836065573771,0.009950729398125894,2,0.1,1,Training1028
0.5382513661202186,0,3,0.1,1,Training1028
0.5655737704918032,0.08566131414385811,1,0.001,0.25,Training1029
0.4918032786885246,-0.06631997744431573,2,0.001,0.25,Training1029
0.48360655737704916,-0.07643708568049555,3,0.001,0.25,Training1029
0.5382513661202186,9.045388467131e-4,1,0.01,0.25,Training1029
0.5409836065573771,0.006366956465531244,2,0.01,0.25,Training1029
0.5382513661202186,0,3,0.01,0.25,Training1029
0.5382513661202186,0,1,0.1,0.25,Training1029
0.48633879781420764,-0.07307944231309084,2,0.1,0.25,Training1029
0.5382513661202186,0,3,0.1,0.25,Training1029
0.5573770491803278,0.07208363329055657,1,0.001,0.5,Training1029
0.5382513661202186,0.004506389416422738,2,0.001,0.5,Training1029
0.5601092896174863,0.07659761180932063,3,0.001,0.5,Training1029
0.5273224043715847,-0.01722199016804301,1,0.01,0.5,Training1029
0.546448087431694,0.032208735544298955,2,0.01,0.5,Training1029
0.5491803278688525,0.035026045827873865,3,0.01,0.5,Training1029
0.5409836065573771,0.008162080201309657,1,0.1,0.5,Training1029
0.5819672131147541,0.12016466077993897,2,0.1,0.5,Training1029
0.5710382513661202,0.10111691643462739,3,0.1,0.5,Training1029
0.5409836065573771,0.006366956465531244,1,0.001,1,Training1029
0.4180327868852459,-0.12581232128931635,2,0.001,1,Training1029
0.5655737704918032,0.08162105861187384,3,0.001,1,Training1029
0.5327868852459017,-0.007274600057939138,1,0.01,1,Training1029
0.5437158469945356,0.01982103338785743,2,0.01,1,Training1029
0.5573770491803278,0.05129764152452842,3,0.01,1,Training1029
0.546448087431694,0.02525268730948195,1,0.1,1,Training1029
0.5683060109289617,0.08048974399745572,2,0.1,1,Training1029
0.5382513661202186,0,3,0.1,1,Training1029
0.5655737704918032,0.08806844892970177,1,0.001,0.25,Training1030
0.5409836065573771,0.012621639849696522,2,0.001,0.25,Training1030
0.5409836065573771,0.019674117534517487,3,0.001,0.25,Training1030
0.43989071038251365,-0.07483597398504434,1,0.01,0.25,Training1030
0.5382513661202186,0.006297593419657436,2,0.01,0.25,Training1030
0.4890710382513661,-0.07158290277125412,3,0.01,0.25,Training1030
0.546448087431694,0.02437614413720015,1,0.1,0.25,Training1030
0.5737704918032787,0.10251815523908314,2,0.1,0.25,Training1030
0.5710382513661202,0.08914814697397186,3,0.1,0.25,Training1030
0.4972677595628415,-0.07464973031628011,1,0.001,0.5,Training1030
0.43989071038251365,-0.1160196340919233,2,0.001,0.5,Training1030
0.5491803278688525,0.039324234036460785,3,0.001,0.5,Training1030
0.5792349726775956,0.13085582112567448,1,0.01,0.5,Training1030
0.546448087431694,0.032208735544298955,2,0.01,0.5,Training1030
0.5546448087431693,0.04586891852989125,3,0.01,0.5,Training1030
0.546448087431694,0.02525268730948195,1,0.1,0.5,Training1030
0.5409836065573771,0.006366956465531244,2,0.1,0.5,Training1030
0.5710382513661202,0.10814837808474295,3,0.1,0.5,Training1030
0.5,-0.05420719614694499,1,0.001,1,Training1030
0.4918032786885246,-0.06352132479300127,2,0.001,1,Training1030
0.4918032786885246,-0.05704791776652897,3,0.001,1,Training1030
0.5628415300546448,0.07543654678076342,1,0.01,1,Training1030
0.5382513661202186,0,2,0.01,1,Training1030
0.4207650273224044,-0.175173416532881,3,0.01,1,Training1030
0.5409836065573771,0.017920459990416943,1,0.1,1,Training1030
0.5628415300546448,0.07706855791962167,2,0.1,1,Training1030
0.5409836065573771,0.0072653298459752075,3,0.1,1,Training1030
0.5409836065573771,0.012621639849696522,1,0.001,0.25,Training1031
0.46174863387978143,-0.09620822817526695,2,0.001,0.25,Training1031
0.45901639344262296,-0.06592533756949966,3,0.001,0.25,Training1031
0.5409836065573771,0.006366956465531244,1,0.01,0.25,Training1031
0.4562841530054645,-0.1054548766050452,2,0.01,0.25,Training1031
0.5519125683060109,0.045571633010017286,3,0.01,0.25,Training1031
0.5382513661202186,0,1,0.1,0.25,Training1031
0.5683060109289617,0.0821243770039045,2,0.1,0.25,Training1031
0.5710382513661202,0.10425565081839427,3,0.1,0.25,Training1031
0.5109289617486339,-0.03848714453286001,1,0.001,0.5,Training1031
0.5355191256830601,-9.33045912293459e-4,2,0.001,0.5,Training1031
0.5655737704918032,0.08646510313647902,3,0.001,0.5,Training1031
0.5382513661202186,0,1,0.01,0.5,Training1031
0.5382513661202186,9.045388467131e-4,2,0.01,0.5,Training1031
0.5382513661202186,0,3,0.01,0.5,Training1031
0.5491803278688525,0.03242862178357432,1,0.1,0.5,Training1031
0.43989071038251365,-0.12823674475955626,2,0.1,0.5,Training1031
0.5737704918032787,0.10409540247920904,3,0.1,0.5,Training1031
0.5546448087431693,0.05181347150259054,1,0.001,1,Training1031
0.5382513661202186,0,2,0.001,1,Training1031
0.5355191256830601,-0.0018355714423726214,3,0.001,1,Training1031
0.5382513661202186,0.004506389416422738,1,0.01,1,Training1031
0.5491803278688525,0.0315597036466855,2,0.01,1,Training1031
0.5382513661202186,0,3,0.01,1,Training1031
0.546448087431694,0.02525268730948195,1,0.1,1,Training1031
0.5765027322404371,0.09593625498007946,2,0.1,1,Training1031
0.5710382513661202,0.0875281862355891,3,0.1,1,Training1031
0.5382513661202186,0,1,0.001,0.25,Training1032
0.5382513661202186,0,2,0.001,0.25,Training1032
0.5710382513661202,0.0971624296892184,3,0.001,0.25,Training1032
0.48360655737704916,-0.07643708568049555,1,0.01,0.25,Training1032
0.505464480874317,-0.048229374347289564,2,0.01,0.25,Training1032
0.48633879781420764,-0.07214310199756929,3,0.01,0.25,Training1032
0.5409836065573771,0.0214215233790624,1,0.1,0.25,Training1032
0.546448087431694,0.02085414987912973,2,0.1,0.25,Training1032
0.43989071038251365,-0.13300715774214017,3,0.1,0.25,Training1032
0.5655737704918032,0.08243196367191181,1,0.001,0.5,Training1032
0.5273224043715847,-0.01722199016804301,2,0.001,0.5,Training1032
0.5382513661202186,0,3,0.001,0.5,Training1032
0.5382513661202186,9.045388467131e-4,1,0.01,0.5,Training1032
0.5382513661202186,0.00540279787747232,2,0.01,0.5,Training1032
0.5382513661202186,0,3,0.01,0.5,Training1032
0.5519125683060109,0.03958526672853493,1,0.1,0.5,Training1032
0.5382513661202186,0,2,0.1,0.5,Training1032
0.5737704918032787,0.10566711569186418,3,0.1,0.5,Training1032
0.5382513661202186,0,1,0.001,1,Training1032
0.5491803278688525,0.03674992822279649,2,0.001,1,Training1032
0.4562841530054645,-0.10733724572019353,3,0.001,1,Training1032
0.5327868852459017,-0.008183253326460235,1,0.01,1,Training1032
0.42349726775956287,-0.15445331419858274,2,0.01,1,Training1032
0.5409836065573771,0.006366956465531244,3,0.01,1,Training1032
0.42896174863387976,-0.1570715474209652,1,0.1,1,Training1032
0.48633879781420764,-0.065634195446802,2,0.1,1,Training1032
0.5437158469945356,0.016287378890784614,3,0.1,1,Training1032
0.5355191256830601,0,1,0.001,0.25,Training1033
0.5355191256830601,0,2,0.001,0.25,Training1033
0.5355191256830601,0,3,0.001,0.25,Training1033
0.5355191256830601,0,1,0.01,0.25,Training1033
0.4262295081967213,-0.09605841081512759,2,0.01,0.25,Training1033
0.5382513661202186,0.012074748442740844,3,0.01,0.25,Training1033
0.5327868852459017,-0.0037850842020848304,1,0.1,0.25,Training1033
0.5519125683060109,0.04249617151607955,2,0.1,0.25,Training1033
0.5846994535519126,0.1305869850596986,3,0.1,0.25,Training1033
0.5355191256830601,0,1,0.001,0.5,Training1033
0.5546448087431693,0.059645030106238645,2,0.001,0.5,Training1033
0.5710382513661202,0.11101828645688278,3,0.001,0.5,Training1033
0.5327868852459017,-4.4758464145255823e-4,1,0.01,0.5,Training1033
0.5819672131147541,0.12734922861150064,2,0.01,0.5,Training1033
0.47540983606557374,-0.08150701797586801,3,0.01,0.5,Training1033
0.4207650273224044,-0.1403209687849039,1,0.1,0.5,Training1033
0.5792349726775956,0.11627469426152387,2,0.1,0.5,Training1033
0.5710382513661202,0.10598375704017168,3,0.1,0.5,Training1033
0.4098360655737705,-0.15477651183172644,1,0.001,1,Training1033
0.5355191256830601,0,2,0.001,1,Training1033
0.5327868852459017,-0.002113555576904667,3,0.001,1,Training1033
0.5437158469945356,0.03180738159353723,1,0.01,1,Training1033
0.546448087431694,0.0316225693337584,2,0.01,1,Training1033
0.5519125683060109,0.04249617151607955,3,0.01,1,Training1033
0.546448087431694,0.0308192955589588,1,0.1,1,Training1033
0.5819672131147541,0.1115095357471519,2,0.1,1,Training1033
0.5628415300546448,0.08631342445234959,3,0.1,1,Training1033
0.5273224043715847,-0.01092058626305192,1,0.001,0.25,Training1034
0.5382513661202186,0.021452301850972966,2,0.001,0.25,Training1034
0.42349726775956287,-0.1534187651223228,3,0.001,0.25,Training1034
0.5355191256830601,0.0062290368950645115,1,0.01,0.25,Training1034
0.5355191256830601,0.011533695548565554,2,0.01,0.25,Training1034
0.5327868852459017,7.663569307406021e-4,3,0.01,0.25,Training1034
0.5327868852459017,0.0030583962534645546,1,0.1,0.25,Training1034
0.5737704918032787,0.10990552801421745,2,0.1,0.25,Training1034
0.5655737704918032,0.10052860984883606,3,0.1,0.25,Training1034
0.5409836065573771,0.029821073558648048,1,0.001,0.5,Training1034
0.5628415300546448,0.08227550540667587,2,0.001,0.5,Training1034
0.5382513661202186,0.017722725107193846,3,0.001,0.5,Training1034
0.5437158469945356,0.03523060895918186,1,0.01,0.5,Training1034
0.5819672131147541,0.126041764210132,2,0.01,0.5,Training1034
0.5327868852459017,0,3,0.01,0.5,Training1034
0.5382513661202186,0.022194821208384834,1,0.1,0.5,Training1034
0.5792349726775956,0.12065899092015352,2,0.1,0.5,Training1034
0.5655737704918032,0.09717955878246286,3,0.1,0.5,Training1034
0.5,-0.05004232903771982,1,0.001,1,Training1034
0.5437158469945356,0.0366903073286053,2,0.001,1,Training1034
0.453551912568306,-0.10959527057753517,3,0.001,1,Training1034
0.5437158469945356,0.02934730824201997,1,0.01,1,Training1034
0.5355191256830601,0.007750454501961579,2,0.01,1,Training1034
0.5327868852459017,0,3,0.01,1,Training1034
0.5327868852459017,0.00153154015506866,1,0.1,1,Training1034
0.5710382513661202,0.09982141178682194,2,0.1,1,Training1034
0.5300546448087432,-0.0054623862002876845,3,0.1,1,Training1034
0.5355191256830601,0.005816183049980946,1,0.001,0.25,Training1035
0.4426229508196721,-0.10744586176208848,2,0.001,0.25,Training1035
0.5491803278688525,0.04497580415599213,3,0.001,0.25,Training1035
0.5437158469945356,0.025385081481009108,1,0.01,0.25,Training1035
0.5355191256830601,0,2,0.01,0.25,Training1035
0.5409836065573771,0.0166954519286128,3,0.01,0.25,Training1035
0.5491803278688525,0.037057116433332364,1,0.1,0.25,Training1035
0.5792349726775956,0.11627469426152387,2,0.1,0.25,Training1035
0.41530054644808745,-0.1599431313310822,3,0.1,0.25,Training1035
0.48360655737704916,-0.07103706685659436,1,0.001,0.5,Training1035
0.5710382513661202,0.09942638623326941,2,0.001,0.5,Training1035
0.5355191256830601,0,3,0.001,0.5,Training1035
0.5573770491803278,0.06503090702661783,1,0.01,0.5,Training1035
0.5491803278688525,0.0394464768570065,2,0.01,0.5,Training1035
0.5382513661202186,0.00712703457574865,3,0.01,0.5,Training1035
0.5081967213114754,-0.038003403289846915,1,0.1,0.5,Training1035
0.5710382513661202,0.0964810214157676,2,0.1,0.5,Training1035
0.5163934426229508,-0.02448050099629944,3,0.1,0.5,Training1035
0.5601092896174863,0.07118312789634616,1,0.001,1,Training1035
0.5601092896174863,0.0727032385988102,2,0.001,1,Training1035
0.4972677595628415,-0.06631198935968088,3,0.001,1,Training1035
0.5437158469945356,0.03180738159353723,1,0.01,1,Training1035
0.5382513661202186,0.00795509222133138,2,0.01,1,Training1035
0.5491803278688525,0.03545759463344523,3,0.01,1,Training1035
0.546448087431694,0.034024421266853365,1,0.1,1,Training1035
0.5355191256830601,0,2,0.1,1,Training1035
0.5792349726775956,0.12624790723631166,3,0.1,1,Training1035
0.5382513661202186,0.01289457725575304,1,0.001,0.25,Training1036
0.5710382513661202,0.1045348293595137,2,0.001,0.25,Training1036
0.5792349726775956,0.131846466637915,3,0.001,0.25,Training1036
0.46174863387978143,-0.11189587638404848,1,0.01,0.25,Training1036
0.5355191256830601,8.350462487151945e-4,2,0.01,0.25,Training1036
0.5710382513661202,0.09942638623326941,3,0.01,0.25,Training1036
0.5519125683060109,0.044873018903952455,1,0.1,0.25,Training1036
0.5546448087431693,0.04872915138565539,2,0.1,0.25,Training1036
0.5792349726775956,0.1169946108534904,3,0.1,0.25,Training1036
0.5355191256830601,0,1,0.001,0.5,Training1036
0.5327868852459017,-0.002113555576904667,2,0.001,0.5,Training1036
0.4426229508196721,-0.10488930981413515,3,0.001,0.5,Training1036
0.43169398907103823,-0.1397089646086593,1,0.01,0.5,Training1036
0.4371584699453552,-0.14118786704607383,2,0.01,0.5,Training1036
0.5683060109289617,0.08661865049279753,3,0.01,0.5,Training1036
0.5519125683060109,0.0440820486686199,1,0.1,0.5,Training1036
0.5710382513661202,0.09942638623326941,2,0.1,0.5,Training1036
0.5710382513661202,0.11457980215106775,3,0.1,0.5,Training1036
0.48360655737704916,-0.07363029644575526,1,0.001,1,Training1036
0.5327868852459017,-0.002113555576904667,2,0.001,1,Training1036
0.5765027322404371,0.11017347931110198,3,0.001,1,Training1036
0.5355191256830601,0,1,0.01,1,Training1036
0.5601092896174863,0.0658232664320363,2,0.01,1,Training1036
0.5355191256830601,8.350462487151945e-4,3,0.01,1,Training1036
0.5409836065573771,0.023193747219927577,1,0.1,1,Training1036
0.5765027322404371,0.11450691474417,2,0.1,1,Training1036
0.5273224043715847,-0.016372917268612355,3,0.1,1,Training1036
0.48360655737704916,-0.07798036465638154,1,0.001,0.25,Training1037
0.5355191256830601,0,2,0.001,0.25,Training1037
0.5300546448087432,-0.009234320892650912,3,0.001,0.25,Training1037
0.5273224043715847,-0.01383418195792111,1,0.01,0.25,Training1037
0.5765027322404371,0.11162266278304982,2,0.01,0.25,Training1037
0.5437158469945356,0.026192524615237515,3,0.01,0.25,Training1037
0.5409836065573771,0.026410792323769732,1,0.1,0.25,Training1037
0.5683060109289617,0.09258096911875467,2,0.1,0.25,Training1037
0.5846994535519126,0.12418136020151134,3,0.1,0.25,Training1037
0.5355191256830601,0,1,0.001,0.5,Training1037
0.4453551912568306,-0.12767507512976975,2,0.001,0.5,Training1037
0.5655737704918032,0.09969367864104686,3,0.001,0.5,Training1037
0.5409836065573771,0.019955371373924148,1,0.01,0.5,Training1037
0.5355191256830601,0,2,0.01,0.5,Training1037
0.5355191256830601,0,3,0.01,0.5,Training1037
0.5437158469945356,0.0286068465719463,1,0.1,0.5,Training1037
0.5792349726775956,0.11120222025987131,2,0.1,0.5,Training1037
0.5683060109289617,0.10065318818040422,3,0.1,0.5,Training1037
0.5710382513661202,0.09869184678608393,1,0.001,1,Training1037
0.587431693989071,0.15113814394986633,2,0.001,1,Training1037
0.5409836065573771,0.0215772388772198,3,0.001,1,Training1037
0.5683060109289617,0.09258096911875467,1,0.01,1,Training1037
0.546448087431694,0.0316225693337584,2,0.01,1,Training1037
0.5819672131147541,0.12093811811246098,3,0.01,1,Training1037
0.5355191256830601,0,1,0.1,1,Training1037
0.5655737704918032,0.09312762973352025,2,0.1,1,Training1037
0.5765027322404371,0.12234289427271867,3,0.1,1,Training1037
0.5382513661202186,0,1,0.001,0.25,Training1038
0.5437158469945356,0.02854509043516966,2,0.001,0.25,Training1038
0.5601092896174863,0.10639653028418905,3,0.001,0.25,Training1038
0.5355191256830601,8.671355621928944e-4,1,0.01,0.25,Training1038
0.5819672131147541,0.12248096029084513,2,0.01,0.25,Training1038
0.5846994535519126,0.13164549058783126,3,0.01,0.25,Training1038
0.4426229508196721,-0.13467675754536346,1,0.1,0.25,Training1038
0.5765027322404371,0.10154888980393394,2,0.1,0.25,Training1038
0.5819672131147541,0.127838519764508,3,0.1,0.25,Training1038
0.5409836065573771,0.016160517136548192,1,0.001,0.5,Training1038
0.42896174863387976,-0.14446871540141848,2,0.001,0.5,Training1038
0.546448087431694,0.03047904764944306,3,0.001,0.5,Training1038
0.5382513661202186,0,1,0.01,0.5,Training1038
0.5546448087431693,0.054338522017563104,2,0.01,0.5,Training1038
0.5382513661202186,0,3,0.01,0.5,Training1038
0.5382513661202186,0,1,0.1,0.5,Training1038
0.587431693989071,0.13848791893998433,2,0.1,0.5,Training1038
0.5601092896174863,0.06094023904382444,3,0.1,0.5,Training1038
0.5437158469945356,0.02767967929750878,1,0.001,1,Training1038
0.5,-0.0579371347338494,2,0.001,1,Training1038
0.5437158469945356,0.02767967929750878,3,0.001,1,Training1038
0.5765027322404371,0.10866354523457869,1,0.01,1,Training1038
0.5027322404371585,-0.06012668300601583,2,0.01,1,Training1038
0.5382513661202186,0,3,0.01,1,Training1038
0.546448087431694,0.029611883085769133,1,0.1,1,Training1038
0.5737704918032787,0.10172744721689055,2,0.1,1,Training1038
0.5163934426229508,-0.030543094397251246,3,0.1,1,Training1038
0.5382513661202186,0.009607070804111776,1,0.001,0.25,Training1039
0.5573770491803278,0.06656171284634754,2,0.001,0.25,Training1039
0.5355191256830601,0,3,0.001,0.25,Training1039
0.5628415300546448,0.08109465227215662,1,0.01,0.25,Training1039
0.4344262295081967,-0.09707781864519692,2,0.01,0.25,Training1039
0.5327868852459017,-0.0037850842020848304,3,0.01,0.25,Training1039
0.46994535519125685,-0.09364795761197711,1,0.1,0.25,Training1039
0.5737704918032787,0.09965939195155794,2,0.1,0.25,Training1039
0.5846994535519126,0.13480559875583195,3,0.1,0.25,Training1039
0.5737704918032787,0.10987777500623595,1,0.001,0.5,Training1039
0.5683060109289617,0.10355304768400805,2,0.001,0.5,Training1039
0.5683060109289617,0.09479681923486305,3,0.001,0.5,Training1039
0.5300546448087432,-0.007554417413572476,1,0.01,0.5,Training1039
0.5327868852459017,-0.0012798771317952932,2,0.01,0.5,Training1039
0.5437158469945356,0.02457629823497491,3,0.01,0.5,Training1039
0.5355191256830601,0,1,0.1,0.5,Training1039
0.5710382513661202,0.09574166745349817,2,0.1,0.5,Training1039
0.5382513661202186,0.01043099862413215,3,0.1,0.5,Training1039
0.5327868852459017,-4.4758464145255823e-4,1,0.001,1,Training1039
0.5437158469945356,0.029408962428938895,2,0.001,1,Training1039
0.5792349726775956,0.13461892771602274,3,0.001,1,Training1039
0.4262295081967213,-0.14887892376681627,1,0.01,1,Training1039
0.4180327868852459,-0.16665170153542255,2,0.01,1,Training1039
0.5355191256830601,0,3,0.01,1,Training1039
0.546448087431694,0.03242451267677403,1,0.1,1,Training1039
0.5765027322404371,0.11162266278304982,2,0.1,1,Training1039
0.5163934426229508,-0.0261682242990654,3,0.1,1,Training1039
0.4672131147540984,-0.09627968418788975,1,0.001,0.25,Training1040
0.5382513661202186,9.045388467131e-4,2,0.001,0.25,Training1040
0.5382513661202186,0,3,0.001,0.25,Training1040
0.5382513661202186,0,1,0.01,0.25,Training1040
0.47540983606557374,-0.09209585677431402,2,0.01,0.25,Training1040
0.5655737704918032,0.08080871900173732,3,0.01,0.25,Training1040
0.5628415300546448,0.07461837489333438,1,0.1,0.25,Training1040
0.5355191256830601,-9.33045912293459e-4,2,0.1,0.25,Training1040
0.587431693989071,0.1414856929816385,3,0.1,0.25,Training1040
0.43169398907103823,-0.08838246647413732,1,0.001,0.5,Training1040
0.4426229508196721,-0.07346809673059775,2,0.001,0.5,Training1040
0.5655737704918032,0.10069541029207227,3,0.001,0.5,Training1040
0.5765027322404371,0.12859819974808756,1,0.01,0.5,Training1040
0.5601092896174863,0.06842255035254681,2,0.01,0.5,Training1040
0.587431693989071,0.14073820703380063,3,0.01,0.5,Training1040
0.5409836065573771,0.018798072319918264,1,0.1,0.5,Training1040
0.4726775956284153,-0.10113795791114577,2,0.1,0.5,Training1040
0.5792349726775956,0.12404811487893563,3,0.1,0.5,Training1040
0.4890710382513661,-0.06877166682282405,1,0.001,1,Training1040
0.4426229508196721,-0.1270037735849057,2,0.001,1,Training1040
0.5737704918032787,0.10645090613164711,3,0.001,1,Training1040
0.5819672131147541,0.1270771628994543,1,0.01,1,Training1040
0.5382513661202186,0,2,0.01,1,Training1040
0.5819672131147541,0.12248096029084513,3,0.01,1,Training1040
0.5382513661202186,0.0027087162619714674,1,0.1,1,Training1040
0.5546448087431693,0.044156759701348955,2,0.1,1,Training1040
0.5519125683060109,0.04130330618112109,3,0.1,1,Training1040
0.5327868852459017,-0.007274600057939138,1,0.001,0.25,Training1041
0.48360655737704916,-0.07831644583008583,2,0.001,0.25,Training1041
0.5382513661202186,9.045388467131e-4,3,0.001,0.25,Training1041
0.453551912568306,-0.12197664081419937,1,0.01,0.25,Training1041
0.5683060109289617,0.08780010726567164,2,0.01,0.25,Training1041
0.5846994535519126,0.13391661736774904,3,0.01,0.25,Training1041
0.5491803278688525,0.03416178869590241,1,0.1,0.25,Training1041
0.5573770491803278,0.05044681464398936,2,0.1,0.25,Training1041
0.5846994535519126,0.14140198166496892,3,0.1,0.25,Training1041
0.5628415300546448,0.08912739150723278,1,0.001,0.5,Training1041
0.45901639344262296,-0.10130391173520568,2,0.001,0.5,Training1041
0.5819672131147541,0.12093811811246098,3,0.001,0.5,Training1041
0.5382513661202186,0,1,0.01,0.5,Training1041
0.5573770491803278,0.06055708717558688,2,0.01,0.5,Training1041
0.5382513661202186,0.0027087162619714674,3,0.01,0.5,Training1041
0.5409836065573771,0.006366956465531244,1,0.1,0.5,Training1041
0.5819672131147541,0.1255504544176894,2,0.1,0.5,Training1041
0.5683060109289617,0.07555072417431317,3,0.1,0.5,Training1041
0.4808743169398907,-0.0835488796783945,1,0.001,1,Training1041
0.5382513661202186,0,2,0.001,1,Training1041
0.5792349726775956,0.11480353048339981,3,0.001,1,Training1041
0.4180327868852459,-0.1490434218671699,1,0.01,1,Training1041
0.5683060109289617,0.0821243770039045,2,0.01,1,Training1041
0.5355191256830601,-0.004552940036810817,3,0.01,1,Training1041
0.5491803278688525,0.04017928096888022,1,0.1,1,Training1041
0.5683060109289617,0.0853762692563185,2,0.1,1,Training1041
0.46994535519125685,-0.09112702461812709,3,0.1,1,Training1041
0.5546448087431693,0.05517721960026597,1,0.001,0.25,Training1042
0.5683060109289617,0.10905001078482722,2,0.001,0.25,Training1042
0.45901639344262296,-0.10885332190837581,3,0.001,0.25,Training1042
0.4344262295081967,-0.07412028241699059,1,0.01,0.25,Training1042
0.5382513661202186,0,2,0.01,0.25,Training1042
0.5382513661202186,9.045388467131e-4,3,0.01,0.25,Training1042
0.5382513661202186,0,1,0.1,0.25,Training1042
0.5710382513661202,0.0987483923586059,2,0.1,0.25,Training1042
0.5491803278688525,0.02981717700735788,3,0.1,0.25,Training1042
0.5519125683060109,0.04642074158802775,1,0.001,0.5,Training1042
0.4371584699453552,-0.12568306010928965,2,0.001,0.5,Training1042
0.505464480874317,-0.05571314741035874,3,0.001,0.5,Training1042
0.5601092896174863,0.06842255035254681,1,0.01,0.5,Training1042
0.4371584699453552,-0.13709166591258726,2,0.01,0.5,Training1042
0.42349726775956287,-0.1439194193452821,3,0.01,0.5,Training1042
0.43989071038251365,-0.14658149698951678,1,0.1,0.5,Training1042
0.5409836065573771,0.006366956465531244,2,0.1,0.5,Training1042
0.5710382513661202,0.0931729949815358,3,0.1,0.5,Training1042
0.5300546448087432,-0.012708728805379278,1,0.001,1,Training1042
0.5355191256830601,-0.0036455140820081,2,0.001,1,Training1042
0.5737704918032787,0.10879405612961626,3,0.001,1,Training1042
0.5792349726775956,0.12859837358152185,1,0.01,1,Training1042
0.5683060109289617,0.0821243770039045,2,0.01,1,Training1042
0.42896174863387976,-0.16995503349545762,3,0.01,1,Training1042
0.5409836065573771,0.01350874378309015,1,0.1,1,Training1042
0.5710382513661202,0.10425565081839427,2,0.1,1,Training1042
0.5573770491803278,0.06387950361552294,3,0.1,1,Training1042
0.5437158469945356,0.013174464787367982,1,0.001,0.25,Training1043
0.5409836065573771,0,2,0.001,0.25,Training1043
0.5710382513661202,0.08989831797016032,3,0.001,0.25,Training1043
0.5409836065573771,0,1,0.01,0.25,Training1043
0.5409836065573771,0,2,0.01,0.25,Training1043
0.5409836065573771,0,3,0.01,0.25,Training1043
0.5683060109289617,0.08016797098682944,1,0.1,0.25,Training1043
0.5710382513661202,0.07851438468199731,2,0.1,0.25,Training1043
0.45901639344262296,-0.10220843219565622,3,0.1,0.25,Training1043
0.5519125683060109,0.04157884652232207,1,0.001,0.5,Training1043
0.5519125683060109,0.03881629515757095,2,0.001,0.5,Training1043
0.5765027322404371,0.1065860342058016,3,0.001,0.5,Training1043
0.5792349726775956,0.13323491419081002,1,0.01,0.5,Training1043
0.5409836065573771,0,2,0.01,0.5,Training1043
0.5437158469945356,0.009335796946416309,3,0.01,0.5,Training1043
0.5409836065573771,0,1,0.1,0.5,Training1043
0.5901639344262295,0.14068369646882037,2,0.1,0.5,Training1043
0.5846994535519126,0.138930163447251,3,0.1,0.5,Training1043
0.5628415300546448,0.08853193873739235,1,0.001,1,Training1043
0.4344262295081967,-0.13623683973724468,2,0.001,1,Training1043
0.5409836065573771,0,3,0.001,1,Training1043
0.5846994535519126,0.12429165092557594,1,0.01,1,Training1043
0.5765027322404371,0.09978101494810997,2,0.01,1,Training1043
0.5901639344262295,0.13006274957216202,3,0.01,1,Training1043
0.5655737704918032,0.07301921055146689,1,0.1,1,Training1043
0.5737704918032787,0.10714955901670087,2,0.1,1,Training1043
0.5901639344262295,0.14709172259507816,3,0.1,1,Training1043
0.5519125683060109,0.036625686129746614,1,0.001,0.25,Training1044
0.5819672131147541,0.1371382785293845,2,0.001,0.25,Training1044
0.453551912568306,-0.12183908045977028,3,0.001,0.25,Training1044
0.5437158469945356,0.0010459909129540935,1,0.01,0.25,Training1044
0.4808743169398907,-0.084901244968642,2,0.01,0.25,Training1044
0.4726775956284153,-0.09384000743287185,3,0.01,0.25,Training1044
0.5437158469945356,0,1,0.1,0.25,Training1044
0.5437158469945356,0,2,0.1,0.25,Training1044
0.5983606557377049,0.16521334367726911,3,0.1,0.25,Training1044
0.5081967213114754,-0.04237207683301169,1,0.001,0.5,Training1044
0.4262295081967213,-0.13239237410495933,2,0.001,0.5,Training1044
0.5437158469945356,0,3,0.001,0.5,Training1044
0.5437158469945356,0.009335796946416309,1,0.01,0.5,Training1044
0.5437158469945356,0,2,0.01,0.5,Training1044
0.5437158469945356,0,3,0.01,0.5,Training1044
0.5519125683060109,0.03563510169981658,1,0.1,0.5,Training1044
0.5819672131147541,0.10537751222161859,2,0.1,0.5,Training1044
0.45081967213114754,-0.12800147198626144,3,0.1,0.5,Training1044
0.5601092896174863,0.060521029303912406,1,0.001,1,Training1044
0.5765027322404371,0.11715272806498792,2,0.001,1,Training1044
0.5437158469945356,0,3,0.001,1,Training1044
0.5628415300546448,0.06778311948804472,1,0.01,1,Training1044
0.5573770491803278,0.045432591686254235,2,0.01,1,Training1044
0.4180327868852459,-0.1723360101055672,3,0.01,1,Training1044
0.546448087431694,0.009617578978254536,1,0.1,1,Training1044
0.546448087431694,0.006508159727899896,2,0.1,1,Training1044
0.5846994535519126,0.13639044987425858,3,0.1,1,Training1044
0.5819672131147541,0.11644419199091148,1,0.001,0.25,Training1045
0.42896174863387976,-0.1160815897750156,2,0.001,0.25,Training1045
0.5491803278688525,0.034347116952892574,3,0.001,0.25,Training1045
0.5409836065573771,0,1,0.01,0.25,Training1045
0.5628415300546448,0.09276817252277368,2,0.01,0.25,Training1045
0.5491803278688525,0.025936320526468482,3,0.01,0.25,Training1045
0.5409836065573771,0,1,0.1,0.25,Training1045
0.5765027322404371,0.09547498325839465,2,0.1,0.25,Training1045
0.49453551912568305,-0.07445491764257836,3,0.1,0.25,Training1045
0.47540983606557374,-0.09376167351512914,1,0.001,0.5,Training1045
0.5792349726775956,0.10940462646947283,2,0.001,0.5,Training1045
0.5710382513661202,0.1118427153853287,3,0.001,0.5,Training1045
0.4672131147540984,-0.1124099878425138,1,0.01,0.5,Training1045
0.5710382513661202,0.08467934626780065,2,0.01,0.5,Training1045
0.5382513661202186,-0.004482120237747166,3,0.01,0.5,Training1045
0.5409836065573771,0,1,0.1,0.5,Training1045
0.5601092896174863,0.05321507760532126,2,0.1,0.5,Training1045
0.5655737704918032,0.06317009562445641,3,0.1,0.5,Training1045
0.5491803278688525,0.03619649525998273,1,0.001,1,Training1045
0.4262295081967213,-0.15218564490016198,2,0.001,1,Training1045
0.5519125683060109,0.03973891341908211,3,0.001,1,Training1045
0.5628415300546448,0.06584992343032153,1,0.01,1,Training1045
0.5710382513661202,0.08380369271979328,2,0.01,1,Training1045
0.5792349726775956,0.10001916075876591,3,0.01,1,Training1045
0.5737704918032787,0.09698234959195273,1,0.1,1,Training1045
0.5765027322404371,0.10911146706868934,2,0.1,1,Training1045
0.4344262295081967,-0.14968587817536205,3,0.1,1,Training1045
0.5519125683060109,0.0481144343302988,1,0.001,0.25,Training1046
0.5710382513661202,0.09557087543677391,2,0.001,0.25,Training1046
0.5710382513661202,0.12188636572022368,3,0.001,0.25,Training1046
0.5628415300546448,0.09699306090979164,1,0.01,0.25,Training1046
0.5355191256830601,-0.0036455140820081,2,0.01,0.25,Training1046
0.5737704918032787,0.10093534469183998,3,0.01,0.25,Training1046
0.5382513661202186,0,1,0.1,0.25,Training1046
0.5628415300546448,0.09150144279996263,2,0.1,0.25,Training1046
0.5901639344262295,0.14754200180118632,3,0.1,0.25,Training1046
0.5737704918032787,0.13744448137293414,1,0.001,0.5,Training1046
0.5409836065573771,0.006366956465531244,2,0.001,0.5,Training1046
0.546448087431694,0.02787289193254168,3,0.001,0.5,Training1046
0.4262295081967213,-0.0962147360013693,1,0.01,0.5,Training1046
0.5655737704918032,0.08080871900173732,2,0.01,0.5,Training1046
0.5382513661202186,0,3,0.01,0.5,Training1046
0.5573770491803278,0.06055708717558688,1,0.1,0.5,Training1046
0.5901639344262295,0.1468001118950672,2,0.1,0.5,Training1046
0.587431693989071,0.1488896417901252,3,0.1,0.5,Training1046
0.5382513661202186,0,1,0.001,1,Training1046
0.5655737704918032,0.07999494103139716,2,0.001,1,Training1046
0.5300546448087432,-0.012708728805379278,3,0.001,1,Training1046
0.5546448087431693,0.05012259975161593,1,0.01,1,Training1046
0.5765027322404371,0.1031397223890979,2,0.01,1,Training1046
0.5382513661202186,0.001807442791208101,3,0.01,1,Training1046
0.5573770491803278,0.05888701945969952,1,0.1,1,Training1046
0.5737704918032787,0.10645090613164711,2,0.1,1,Training1046
0.546448087431694,0.023498023080137487,3,0.1,1,Training1046
0.5382513661202186,0,1,0.001,0.25,Training1047
0.4672131147540984,-0.11060969157511438,2,0.001,0.25,Training1047
0.5628415300546448,0.09229004557150362,3,0.001,0.25,Training1047
0.4562841530054645,-0.11588785046728982,1,0.01,0.25,Training1047
0.5081967213114754,-0.052228078581696216,2,0.01,0.25,Training1047
0.5382513661202186,0,3,0.01,0.25,Training1047
0.5382513661202186,9.045388467131e-4,1,0.1,0.25,Training1047
0.5655737704918032,0.08485610945117135,2,0.1,0.25,Training1047
0.45901639344262296,-0.11458365375742097,3,0.1,0.25,Training1047
0.5081967213114754,-0.0429001108120945,1,0.001,0.5,Training1047
0.5655737704918032,0.08162105861187384,2,0.001,0.5,Training1047
0.5382513661202186,0,3,0.001,0.5,Training1047
0.5655737704918032,0.11221967963386704,1,0.01,0.5,Training1047
0.5382513661202186,0,2,0.01,0.5,Training1047
0.5655737704918032,0.07672536887196564,3,0.01,0.5,Training1047
0.5628415300546448,0.07133115544419398,1,0.1,0.5,Training1047
0.5737704918032787,0.09212911432660185,2,0.1,0.5,Training1047
0.5983606557377049,0.16277115558183683,3,0.1,0.5,Training1047
0.43989071038251365,-0.14169633890258382,1,0.001,1,Training1047
0.5437158469945356,0.021578357611653595,2,0.001,1,Training1047
0.5327868852459017,-0.0063675832127351225,3,0.001,1,Training1047
0.42896174863387976,-0.10735690089464096,1,0.01,1,Training1047
0.5355191256830601,-0.005462008338450541,2,0.01,1,Training1047
0.42896174863387976,-0.16001941099754333,3,0.01,1,Training1047
0.5819672131147541,0.12401839627068785,1,0.1,1,Training1047
0.5710382513661202,0.1150706871592692,2,0.1,1,Training1047
0.5546448087431693,0.04501360653113474,3,0.1,1,Training1047
0.5382513661202186,0.01697339563268816,1,0.001,0.25,Training1048
0.5355191256830601,0,2,0.001,0.25,Training1048
0.5327868852459017,-0.0037850842020848304,3,0.001,0.25,Training1048
0.5355191256830601,0,1,0.01,0.25,Training1048
0.5819672131147541,0.13157160137712845,2,0.01,0.25,Training1048
0.5846994535519126,0.13480559875583195,3,0.01,0.25,Training1048
0.5819672131147541,0.12308559616649435,1,0.1,0.25,Training1048
0.5655737704918032,0.08721021426106587,2,0.1,0.25,Training1048
0.4726775956284153,-0.09194620497758536,3,0.1,0.25,Training1048
0.546448087431694,0.03879255790406293,1,0.001,0.5,Training1048
0.5765027322404371,0.13211761466205657,2,0.001,0.5,Training1048
0.5355191256830601,0,3,0.001,0.5,Training1048
0.5409836065573771,0.019142419601837806,1,0.01,0.5,Training1048
0.44808743169398907,-0.1351102376711909,2,0.01,0.5,Training1048
0.5819672131147541,0.12805580642147535,3,0.01,0.5,Training1048
0.5382513661202186,0.006297593419657436,1,0.1,0.5,Training1048
0.5355191256830601,0.006641547991570346,2,0.1,0.5,Training1048
0.592896174863388,0.16238134734125884,3,0.1,0.5,Training1048
0.43989071038251365,-0.13609521213773057,1,0.001,1,Training1048
0.5655737704918032,0.08869679601616076,2,0.001,1,Training1048
0.5355191256830601,0,3,0.001,1,Training1048
0.5792349726775956,0.12483696664803418,1,0.01,1,Training1048
0.5846994535519126,0.1298798798798799,2,0.01,1,Training1048
0.5737704918032787,0.09818043972706593,3,0.01,1,Training1048
0.5355191256830601,0.009109440693081807,1,0.1,1,Training1048
0.5792349726775956,0.1255430060816681,2,0.1,1,Training1048
0.5792349726775956,0.13323491419081002,3,0.1,1,Training1048
0.4371584699453552,-0.1493292682926829,1,0.001,0.25,Training1049
0.546448087431694,0.034024421266853365,2,0.001,0.25,Training1049
0.4262295081967213,-0.13302671148062986,3,0.001,0.25,Training1049
0.5737704918032787,0.1233802124915555,1,0.01,0.25,Training1049
0.43989071038251365,-0.13699045309895455,2,0.01,0.25,Training1049
0.42896174863387976,-0.16931119875263695,3,0.01,0.25,Training1049
0.5355191256830601,8.350462487151945e-4,1,0.1,0.25,Training1049
0.45901639344262296,-0.11619740003696635,2,0.1,0.25,Training1049
0.5355191256830601,0,3,0.1,0.25,Training1049
0.5355191256830601,8.350462487151945e-4,1,0.001,0.5,Training1049
0.5355191256830601,0,2,0.001,0.5,Training1049
0.5327868852459017,-0.0037850842020848304,3,0.001,0.5,Training1049
0.5437158469945356,0.0286068465719463,1,0.01,0.5,Training1049
0.5737704918032787,0.10186874724721563,2,0.01,0.5,Training1049
0.587431693989071,0.13172034564021992,3,0.01,0.5,Training1049
0.5819672131147541,0.1266415047256619,1,0.1,0.5,Training1049
0.5683060109289617,0.09258096911875467,2,0.1,0.5,Training1049
0.5710382513661202,0.09128000759085293,3,0.1,0.5,Training1049
0.5683060109289617,0.095533033033033,1,0.001,1,Training1049
0.5382513661202186,0.006297593419657436,2,0.001,1,Training1049
0.5355191256830601,0,3,0.001,1,Training1049
0.5710382513661202,0.10598375704017168,1,0.01,1,Training1049
0.5355191256830601,0,2,0.01,1,Training1049
0.546448087431694,0.027592829705505677,3,0.01,1,Training1049
0.5710382513661202,0.09942638623326941,1,0.1,1,Training1049
0.5710382513661202,0.09721916732128821,2,0.1,1,Training1049
0.592896174863388,0.1696762995219098,3,0.1,1,Training1049
