Accuracy,Kappa,sigma,C,Resample
0.5218579234972678,-0.0037611659614481224,0.037935124140244136,0.25,Training1000
0.5027322404371585,-0.036601307189542645,0.13747544815911564,0.25,Training1000
0.5136612021857924,-0.015525626636737655,0.23701577217798714,0.25,Training1000
0.5327868852459017,0.025777528719529274,0.037935124140244136,0.5,Training1000
0.5245901639344263,0.010626398210290735,0.13747544815911564,0.5,Training1000
0.5191256830601093,-1.8632383081798834e-4,0.23701577217798714,0.5,Training1000
0.5273224043715847,0.008269899445540853,0.037935124140244136,1,Training1000
0.5163934426229508,-0.012376933895921151,0.13747544815911564,1,Training1000
0.5218579234972678,-0.005462936799472628,0.23701577217798714,1,Training1000
0.5409836065573771,0.034694966874941086,0.037935124140244136,0.25,Training1001
0.5409836065573771,0.04370275902827473,0.13747544815911564,0.25,Training1001
0.4453551912568306,-0.13748124559845706,0.23701577217798714,0.25,Training1001
0.5245901639344263,-0.004194392759153332,0.037935124140244136,0.5,Training1001
0.5136612021857924,-0.022763666049169632,0.13747544815911564,0.5,Training1001
0.5163934426229508,-0.009725988964743294,0.23701577217798714,0.5,Training1001
0.5273224043715847,6.313330597557646e-4,0.037935124140244136,1,Training1001
0.5136612021857924,-0.01765128557593186,0.13747544815911564,1,Training1001
0.5136612021857924,-0.01701582940460208,0.23701577217798714,1,Training1001
0.5519125683060109,0.05575132141958199,0.037935124140244136,0.25,Training1002
0.5081967213114754,-0.0370883445626849,0.13747544815911564,0.25,Training1002
0.5245901639344263,0.004377462322556368,0.23701577217798714,0.25,Training1002
0.5437158469945356,0.034804029940308935,0.037935124140244136,0.5,Training1002
0.5273224043715847,0.006340039546781307,0.13747544815911564,0.5,Training1002
0.5136612021857924,-0.022025602409638682,0.23701577217798714,0.5,Training1002
0.5355191256830601,0.013696024348487807,0.037935124140244136,1,Training1002
0.5163934426229508,-0.01593325596712977,0.13747544815911564,1,Training1002
0.5355191256830601,0.01575550493545952,0.23701577217798714,1,Training1002
0.5273224043715847,-0.005462571855051129,0.037935124140244136,0.25,Training1003
0.5300546448087432,0,0.13747544815911564,0.25,Training1003
0.5191256830601093,-0.011939173055171625,0.23701577217798714,0.25,Training1003
0.5437158469945356,0.03947575195650129,0.037935124140244136,0.5,Training1003
0.5273224043715847,0.00907696641522417,0.13747544815911564,0.5,Training1003
0.5136612021857924,-0.021320624568884457,0.23701577217798714,0.5,Training1003
0.5437158469945356,0.03947575195650129,0.037935124140244136,1,Training1003
0.5245901639344263,0.005061867266591705,0.13747544815911564,1,Training1003
0.5355191256830601,0.013696024348487807,0.23701577217798714,1,Training1003
0.5601092896174863,0.079079798705966875,0.037935124140244136,0.25,Training1004
0.5300546448087432,0,0.13747544815911564,0.25,Training1004
0.5218579234972678,-0.0016890306840574366,0.23701577217798714,0.25,Training1004
0.546448087431694,0.040250221155061425,0.037935124140244136,0.5,Training1004
0.5327868852459017,0.021206718588721047,0.13747544815911564,0.5,Training1004
0.5327868852459017,0.00754812723985909,0.23701577217798714,0.5,Training1004
0.5491803278688525,0.04966480974412247,0.037935124140244136,1,Training1004
0.5218579234972678,-0.0023787911984726744,0.13747544815911564,1,Training1004
0.5109289617486339,-0.02458477995683592,0.23701577217798714,1,Training1004
0.5300546448087432,0.001395939086294616,0.037935124140244136,0.25,Training1005
0.5245901639344263,9.412650602408656e-4,0.13747544815911564,0.25,Training1005
0.5218579234972678,-0.0016890306840574366,0.23701577217798714,0.25,Training1005
0.5409836065573771,0.03405806208369987,0.037935124140244136,0.5,Training1005
0.5273224043715847,-0.004760544606302935,0.13747544815911564,0.5,Training1005
0.5273224043715847,0.011798857570933675,0.23701577217798714,0.5,Training1005
0.5546448087431693,0.0708345014484625,0.037935124140244136,1,Training1005
0.5191256830601093,-0.011240188383045503,0.13747544815911564,1,Training1005
0.5136612021857924,-0.0192115143929912,0.23701577217798714,1,Training1005
0.5655737704918032,0.09796323278668194,0.037935124140244136,0.25,Training1006
0.5191256830601093,-0.011939173055171625,0.13747544815911564,0.25,Training1006
0.5218579234972678,-0.005841892019221612,0.23701577217798714,0.25,Training1006
0.5491803278688525,0.06328524895300147,0.037935124140244136,0.5,Training1006
0.5382513661202186,0.03398406996720287,0.13747544815911564,0.5,Training1006
0.5245901639344263,-0.004606259464916901,0.23701577217798714,0.5,Training1006
0.5546448087431693,0.06955925013256785,0.037935124140244136,1,Training1006
0.5382513661202186,0.03795066413662251,0.13747544815911564,1,Training1006
0.5300546448087432,0,0.23701577217798714,1,Training1006
0.5573770491803278,0.06791171477079788,0.037935124140244136,0.25,Training1007
0.5245901639344263,-0.003909452046156848,0.13747544815911564,0.25,Training1007
0.5109289617486339,-0.030969691247285425,0.23701577217798714,0.25,Training1007
0.5573770491803278,0.07621837217998235,0.037935124140244136,0.5,Training1007
0.5355191256830601,0.026595744680851154,0.13747544815911564,0.5,Training1007
0.5245901639344263,0.007109448082320016,0.23701577217798714,0.5,Training1007
0.5491803278688525,0.04768663071246101,0.037935124140244136,1,Training1007
0.5437158469945356,0.053223457975773755,0.13747544815911564,1,Training1007
0.5218579234972678,0.0010605446208552182,0.23701577217798714,1,Training1007
0.5655737704918032,0.08926726971110184,0.037935124140244136,0.25,Training1008
0.5382513661202186,0.03398406996720287,0.13747544815911564,0.25,Training1008
0.5136612021857924,-0.026275992438563347,0.23701577217798714,0.25,Training1008
0.5573770491803278,0.07431461937176041,0.037935124140244136,0.5,Training1008
0.5519125683060109,0.06481366072541422,0.13747544815911564,0.5,Training1008
0.505464480874317,-0.03889219960480504,0.23701577217798714,0.5,Training1008
0.5437158469945356,0.034804029940308935,0.037935124140244136,1,Training1008
0.5437158469945356,0.05386830129098183,0.13747544815911564,1,Training1008
0.5273224043715847,0.01518026565464905,0.23701577217798714,1,Training1008
0.5300546448087432,0.001395939086294616,0.037935124140244136,0.25,Training1009
0.5300546448087432,0,0.13747544815911564,0.25,Training1009
0.5218579234972678,0.001745581496836152,0.23701577217798714,0.25,Training1009
0.5601092896174863,0.08034460155445257,0.037935124140244136,0.5,Training1009
0.5628415300546448,0.09011808576755746,0.13747544815911564,0.5,Training1009
0.5327868852459017,0.02922289436947421,0.23701577217798714,0.5,Training1009
0.5519125683060109,0.06224221972253455,0.037935124140244136,1,Training1009
0.5273224043715847,-0.004760544606302935,0.13747544815911564,1,Training1009
0.5191256830601093,-0.00568288265784039,0.23701577217798714,1,Training1009
0.5409836065573771,0.02241724697128687,0.037935124140244136,0.25,Training1010
0.5245901639344263,-0.0017932987258139693,0.13747544815911564,0.25,Training1010
0.5163934426229508,-0.01637955379836206,0.23701577217798714,0.25,Training1010
0.5683060109289617,0.09578759733558485,0.037935124140244136,0.5,Training1010
0.5628415300546448,0.09048550927220195,0.13747544815911564,0.5,Training1010
0.5218579234972678,-0.016376273445682175,0.23701577217798714,0.5,Training1010
0.5546448087431693,0.059051764928550944,0.037935124140244136,1,Training1010
0.546448087431694,0.05496966868875421,0.13747544815911564,1,Training1010
0.5355191256830601,0.010023866348448587,0.23701577217798714,1,Training1010
0.5710382513661202,0.10089187920513203,0.037935124140244136,0.25,Training1011
0.5218579234972678,-0.019612213059951183,0.13747544815911564,0.25,Training1011
0.5300546448087432,0.012176751192568527,0.23701577217798714,0.25,Training1011
0.5546448087431693,0.05732705495686226,0.037935124140244136,0.5,Training1011
0.5327868852459017,0.01106089814492931,0.13747544815911564,0.5,Training1011
0.546448087431694,0.049737237237237386,0.23701577217798714,0.5,Training1011
0.5628415300546448,0.08408408408408403,0.037935124140244136,1,Training1011
0.546448087431694,0.05664244456866037,0.13747544815911564,1,Training1011
0.46174863387978143,-0.11011547344110865,0.23701577217798714,1,Training1011
0.5737704918032787,0.10987777500623595,0.037935124140244136,0.25,Training1012
0.5409836065573771,0.01587708066581296,0.13747544815911564,0.25,Training1012
0.5273224043715847,3.1576620670060415e-4,0.23701577217798714,0.25,Training1012
0.5573770491803278,0.05417304747320054,0.037935124140244136,0.5,Training1012
0.5355191256830601,0.01805441575658103,0.13747544815911564,0.5,Training1012
0.5300546448087432,0.012176751192568527,0.23701577217798714,0.5,Training1012
0.5683060109289617,0.0962680502594235,0.037935124140244136,1,Training1012
0.5491803278688525,0.06042878924604049,0.13747544815911564,1,Training1012
0.5218579234972678,-0.014573103120544877,0.23701577217798714,1,Training1012
0.5683060109289617,0.09109769898151637,0.037935124140244136,0.25,Training1013
0.5245901639344263,-0.013366431162879534,0.13747544815911564,0.25,Training1013
0.5355191256830601,0.024459078080903113,0.23701577217798714,0.25,Training1013
0.5683060109289617,0.08661865049279753,0.037935124140244136,0.5,Training1013
0.546448087431694,0.041945250409991315,0.13747544815911564,0.5,Training1013
0.5163934426229508,-0.02195929957406541,0.23701577217798714,0.5,Training1013
0.5601092896174863,0.0658232664320363,0.037935124140244136,1,Training1013
0.5300546448087432,0.001585992514115325,0.13747544815911564,1,Training1013
0.5218579234972678,-0.004642845939078298,0.23701577217798714,1,Training1013
0.5737704918032787,0.09965939195155794,0.037935124140244136,0.25,Training1014
0.5382513661202186,0.025030736735916343,0.13747544815911564,0.25,Training1014
0.5273224043715847,-0.002152511791333048,0.23701577217798714,0.25,Training1014
0.5710382513661202,0.09942638623326941,0.037935124140244136,0.5,Training1014
0.5519125683060109,0.057352848797034804,0.13747544815911564,0.5,Training1014
0.5327868852459017,0.018320419110957803,0.23701577217798714,0.5,Training1014
0.5819672131147541,0.1322713608330491,0.037935124140244136,1,Training1014
0.5573770491803278,0.07489234225800395,0.13747544815911564,1,Training1014
0.5355191256830601,0.030780734002118525,0.23701577217798714,1,Training1014
0.5655737704918032,0.08646510313647902,0.037935124140244136,0.25,Training1015
0.5601092896174863,0.07572858173604782,0.13747544815911564,0.25,Training1015
0.5191256830601093,-0.023320836245790212,0.23701577217798714,0.25,Training1015
0.4344262295081967,-0.13555562217092854,0.037935124140244136,0.5,Training1015
0.5355191256830601,0,0.13747544815911564,0.5,Training1015
0.5218579234972678,-0.007931262392597456,0.23701577217798714,0.5,Training1015
0.5737704918032787,0.11490047746015986,0.037935124140244136,1,Training1015
0.5327868852459017,0.014300563832803042,0.13747544815911564,1,Training1015
0.5382513661202186,0.03920593991736315,0.23701577217798714,1,Training1015
0.5437158469945356,0.022954698040218876,0.037935124140244136,0.25,Training1016
0.5355191256830601,0,0.13747544815911564,0.25,Training1016
0.5163934426229508,-0.02956040812434441,0.23701577217798714,0.25,Training1016
0.5573770491803278,0.07338876039257344,0.037935124140244136,0.5,Training1016
0.5601092896174863,0.07798466593647295,0.13747544815911564,0.5,Training1016
0.4918032786885246,-0.07172544080604532,0.23701577217798714,0.5,Training1016
0.5655737704918032,0.09091761177242458,0.037935124140244136,1,Training1016
0.5300546448087432,0.00894206549118399,0.13747544815911564,1,Training1016
0.5191256830601093,-0.020791075050709856,0.23701577217798714,1,Training1016
0.5327868852459017,0,0.037935124140244136,0.25,Training1017
0.5683060109289617,0.09916814655575283,0.13747544815911564,0.25,Training1017
0.39617486338797814,-0.20808316157361778,0.23701577217798714,0.25,Training1017
0.44808743169398907,-0.09519153852990843,0.037935124140244136,0.5,Training1017
0.546448087431694,0.047860836859426416,0.13747544815911564,0.5,Training1017
0.5327868852459017,0.00153154015506866,0.23701577217798714,0.5,Training1017
0.5765027322404371,0.12380687610045392,0.037935124140244136,1,Training1017
0.5327868852459017,7.663569307406021e-4,0.13747544815911564,1,Training1017
0.5163934426229508,-0.01029287919902694,0.23701577217798714,1,Training1017
0.5765027322404371,0.11162266278304982,0.037935124140244136,0.25,Training1018
0.5300546448087432,0.007316765485051202,0.13747544815911564,0.25,Training1018
0.5300546448087432,0.0024087221095335782,0.23701577217798714,0.25,Training1018
0.5655737704918032,0.08196876478939875,0.037935124140244136,0.5,Training1018
0.5683060109289617,0.0962680502594235,0.13747544815911564,0.5,Training1018
0.39344262295081966,-0.2164201449188575,0.23701577217798714,0.5,Training1018
0.5737704918032787,0.11131864026895777,0.037935124140244136,1,Training1018
0.5491803278688525,0.06042878924604049,0.13747544815911564,1,Training1018
0.5218579234972678,-0.007931262392597456,0.23701577217798714,1,Training1018
0.5519125683060109,0.0417012580624559,0.037935124140244136,0.25,Training1019
0.5655737704918032,0.08869679601616076,0.13747544815911564,0.25,Training1019
0.5300546448087432,0.0032300969029070794,0.23701577217798714,0.25,Training1019
0.4371584699453552,-0.1376063733478183,0.037935124140244136,0.5,Training1019
0.5546448087431693,0.0619516336991727,0.13747544815911564,0.5,Training1019
0.5191256830601093,-0.01660248721671615,0.23701577217798714,0.5,Training1019
0.5737704918032787,0.10843222985633977,0.037935124140244136,1,Training1019
0.5382513661202186,0.011253556699383159,0.13747544815911564,1,Training1019
0.5218579234972678,-0.011241276958539865,0.23701577217798714,1,Training1019
0.5819672131147541,0.12093811811246098,0.037935124140244136,0.25,Training1020
0.5628415300546448,0.07869481765834926,0.13747544815911564,0.25,Training1020
0.5245901639344263,-0.008136773785024646,0.23701577217798714,0.25,Training1020
0.5655737704918032,0.07999494103139716,0.037935124140244136,0.5,Training1020
0.5409836065573771,0.008162080201309657,0.13747544815911564,0.5,Training1020
0.5218579234972678,-0.021628864006125004,0.23701577217798714,0.5,Training1020
0.45901639344262296,-0.09385660377358489,0.037935124140244136,1,Training1020
0.5601092896174863,0.08383345253272778,0.13747544815911564,1,Training1020
0.5355191256830601,0.01678202332416795,0.23701577217798714,1,Training1020
0.5792349726775956,0.10601446516939463,0.037935124140244136,0.25,Training1021
0.5273224043715847,-0.013444732545856165,0.13747544815911564,0.25,Training1021
0.5409836065573771,0,0.23701577217798714,0.25,Training1021
0.5792349726775956,0.1276002971768201,0.037935124140244136,0.5,Training1021
0.5300546448087432,-0.005173404866832756,0.13747544815911564,0.5,Training1021
0.5546448087431693,0.06313012343352487,0.23701577217798714,0.5,Training1021
0.5027322404371585,-0.05854309687261645,0.037935124140244136,1,Training1021
0.546448087431694,0.03726944285985945,0.13747544815911564,1,Training1021
0.5382513661202186,0.03229137332206888,0.23701577217798714,1,Training1021
0.587431693989071,0.13046351364108372,0.037935124140244136,0.25,Training1022
0.5655737704918032,0.08266338787477527,0.13747544815911564,0.25,Training1022
0.5355191256830601,0.007465543644716813,0.23701577217798714,0.25,Training1022
0.5409836065573771,0,0.037935124140244136,0.5,Training1022
0.5683060109289617,0.09315016936394413,0.13747544815911564,0.5,Training1022
0.5163934426229508,-0.039872869112973115,0.23701577217798714,0.5,Training1022
0.5710382513661202,0.08204734975558313,0.037935124140244136,1,Training1022
0.5300546448087432,-0.002292701566679496,0.13747544815911564,1,Training1022
0.5300546448087432,-0.002292701566679496,0.23701577217798714,1,Training1022
0.5846994535519126,0.13240385515111805,0.037935124140244136,0.25,Training1023
0.5382513661202186,0,0.13747544815911564,0.25,Training1023
0.5300546448087432,0.006094287789320839,0.23701577217798714,0.25,Training1023
0.5519125683060109,0.03439400276696376,0.037935124140244136,0.5,Training1023
0.5710382513661202,0.10581681242413858,0.13747544815911564,0.5,Training1023
0.5218579234972678,-0.01618277010947164,0.23701577217798714,0.5,Training1023
0.5792349726775956,0.12404811487893563,0.037935124140244136,1,Training1023
0.546448087431694,0.041612770924693177,0.13747544815911564,1,Training1023
0.5273224043715847,0.00427740210724948,0.23701577217798714,1,Training1023
0.5765027322404371,0.10551543628393921,0.037935124140244136,0.25,Training1024
0.5382513661202186,9.045388467131e-4,0.13747544815911564,0.25,Training1024
0.5245901639344263,-0.016244853668656127,0.23701577217798714,0.25,Training1024
0.5628415300546448,0.0851429464146225,0.037935124140244136,0.5,Training1024
0.5710382513661202,0.10111691643462739,0.13747544815911564,0.5,Training1024
0.5437158469945356,0.040501083168503316,0.23701577217798714,0.5,Training1024
0.5382513661202186,0,0.037935124140244136,1,Training1024
0.5519125683060109,0.06309118721318628,0.13747544815911564,1,Training1024
0.5218579234972678,-0.022542226763306767,0.23701577217798714,1,Training1024
0.42896174863387976,-0.16100537291685657,0.037935124140244136,0.25,Training1025
0.546448087431694,0.03991656395183461,0.13747544815911564,0.25,Training1025
0.5355191256830601,-0.004552940036810817,0.23701577217798714,0.25,Training1025
0.5382513661202186,0,0.037935124140244136,0.5,Training1025
0.5382513661202186,0.008972345948024577,0.13747544815911564,0.5,Training1025
0.5300546448087432,-0.012708728805379278,0.23701577217798714,0.5,Training1025
0.4426229508196721,-0.1405004124278253,0.037935124140244136,1,Training1025
0.5546448087431693,0.06758150729892774,0.13747544815911564,1,Training1025
0.5300546448087432,-0.014536663980660806,0.23701577217798714,1,Training1025
0.5409836065573771,0.01587708066581296,0.037935124140244136,0.25,Training1026
0.5573770491803278,0.07036688617121338,0.13747544815911564,0.25,Training1026
0.5300546448087432,-0.0050450220320582525,0.23701577217798714,0.25,Training1026
0.5683060109289617,0.095533033033033,0.037935124140244136,0.5,Training1026
0.5437158469945356,0.037357860585252124,0.13747544815911564,0.5,Training1026
0.5327868852459017,-0.0012798771317952932,0.23701577217798714,0.5,Training1026
0.5628415300546448,0.07733030818680264,0.037935124140244136,1,Training1026
0.5601092896174863,0.08468731554257655,0.13747544815911564,1,Training1026
0.43989071038251365,-0.14602107835649933,0.23701577217798714,1,Training1026
0.5437158469945356,0.023766171538093038,0.037935124140244136,0.25,Training1027
0.5355191256830601,0,0.13747544815911564,0.25,Training1027
0.5245901639344263,-0.006702497628833407,0.23701577217798714,0.25,Training1027
0.5710382513661202,0.09351632749645035,0.037935124140244136,0.5,Training1027
0.5683060109289617,0.09919621160196883,0.13747544815911564,0.5,Training1027
0.5273224043715847,-0.00879457030876597,0.23701577217798714,0.5,Training1027
0.5683060109289617,0.09258096911875467,0.037935124140244136,1,Training1027
0.5573770491803278,0.07937395192845148,0.13747544815911564,1,Training1027
0.5273224043715847,0.008456262332049281,0.23701577217798714,1,Training1027
0.5382513661202186,0,0.037935124140244136,0.25,Training1028
0.5628415300546448,0.08112348972226566,0.13747544815911564,0.25,Training1028
0.5245901639344263,-0.010825053172915164,0.23701577217798714,0.25,Training1028
0.5628415300546448,0.08434187071957958,0.037935124140244136,0.5,Training1028
0.5710382513661202,0.10032879286049783,0.13747544815911564,0.5,Training1028
0.5300546448087432,0.006972268668959152,0.23701577217798714,0.5,Training1028
0.5655737704918032,0.08080871900173732,0.037935124140244136,1,Training1028
0.5546448087431693,0.07325939043713288,0.13747544815911564,1,Training1028
0.42896174863387976,-0.16795431642593228,0.23701577217798714,1,Training1028
0.5163934426229508,-0.022346368715083716,0.037935124140244136,0.25,Training1029
0.5382513661202186,0.009860733151912904,0.13747544815911564,0.25,Training1029
0.5437158469945356,0.038811133826073235,0.23701577217798714,0.25,Training1029
0.5382513661202186,0,0.037935124140244136,0.5,Training1029
0.5655737704918032,0.08566131414385811,0.13747544815911564,0.5,Training1029
0.5491803278688525,0.05861262665627442,0.23701577217798714,0.5,Training1029
0.44808743169398907,-0.11219424135752346,0.037935124140244136,1,Training1029
0.5491803278688525,0.05779012076013371,0.13747544815911564,1,Training1029
0.5355191256830601,0.027113237639553478,0.23701577217798714,1,Training1029
0.587431693989071,0.12473472490576792,0.037935124140244136,0.25,Training1030
0.5519125683060109,0.05815157696532228,0.13747544815911564,0.25,Training1030
0.5519125683060109,0.06145041748756905,0.23701577217798714,0.25,Training1030
0.5737704918032787,0.10488194901702567,0.037935124140244136,0.5,Training1030
0.5737704918032787,0.10409540247920904,0.13747544815911564,0.5,Training1030
0.5355191256830601,0.023693707829907436,0.23701577217798714,0.5,Training1030
0.5655737704918032,0.08646510313647902,0.037935124140244136,1,Training1030
0.546448087431694,0.04582718220937917,0.13747544815911564,1,Training1030
0.5273224043715847,-0.0018987942656413547,0.23701577217798714,1,Training1030
0.5546448087431693,0.04586891852989125,0.037935124140244136,0.25,Training1031
0.5382513661202186,0,0.13747544815911564,0.25,Training1031
0.5519125683060109,0.05980389085554948,0.23701577217798714,0.25,Training1031
0.5765027322404371,0.10630454645704003,0.037935124140244136,0.5,Training1031
0.5573770491803278,0.06717850287907862,0.13747544815911564,0.5,Training1031
0.5300546448087432,0.007848699763593451,0.23701577217798714,0.5,Training1031
0.5683060109289617,0.07967024222554661,0.037935124140244136,1,Training1031
0.5519125683060109,0.06554161347572916,0.13747544815911564,1,Training1031
0.5245901639344263,0.002474859810156329,0.23701577217798714,1,Training1031
0.42896174863387976,-0.12375495813133555,0.037935124140244136,0.25,Training1032
0.5382513661202186,0,0.13747544815911564,0.25,Training1032
0.5273224043715847,-0.004569252736791951,0.23701577217798714,0.25,Training1032
0.5792349726775956,0.12632916886257226,0.037935124140244136,0.5,Training1032
0.5792349726775956,0.12404811487893563,0.13747544815911564,0.5,Training1032
0.5382513661202186,0,0.23701577217798714,0.5,Training1032
0.5655737704918032,0.09363610877488084,0.037935124140244136,1,Training1032
0.5519125683060109,0.05980389085554948,0.13747544815911564,1,Training1032
0.5245901639344263,0.0015990969805287551,0.23701577217798714,1,Training1032
0.5382513661202186,0.008781769815070097,0.037935124140244136,0.25,Training1033
0.5355191256830601,0.01156510135349813,0.13747544815911564,0.25,Training1033
0.5245901639344263,-0.013366431162879534,0.23701577217798714,0.25,Training1033
0.49453551912568305,-0.06118546845124298,0.037935124140244136,0.5,Training1033
0.412568306010929,-0.1757762304634971,0.13747544815911564,0.5,Training1033
0.5355191256830601,0,0.23701577217798714,0.5,Training1033
0.5601092896174863,0.08394739296707375,0.037935124140244136,1,Training1033
0.5519125683060109,0.07398950941067554,0.13747544815911564,1,Training1033
0.5218579234972678,-5.623769800356978e-4,0.23701577217798714,1,Training1033
0.5327868852459017,0,0.037935124140244136,0.25,Training1034
0.4426229508196721,-0.1367497944642369,0.13747544815911564,0.25,Training1034
0.5245901639344263,-0.008647724033070361,0.23701577217798714,0.25,Training1034
0.5792349726775956,0.11735412947477208,0.037935124140244136,0.5,Training1034
0.5765027322404371,0.11857928591404857,0.13747544815911564,0.5,Training1034
0.5327868852459017,0,0.23701577217798714,0.5,Training1034
0.5683060109289617,0.10319158835023719,0.037935124140244136,1,Training1034
0.5437158469945356,0.05316479226693933,0.13747544815911564,1,Training1034
0.5409836065573771,0.04714086471408643,0.23701577217798714,1,Training1034
0.592896174863388,0.1508517330509793,0.037935124140244136,0.25,Training1035
0.4180327868852459,-0.13830563910872293,0.13747544815911564,0.25,Training1035
0.46994535519125685,-0.10247810694987892,0.23701577217798714,0.25,Training1035
0.4890710382513661,-0.0735326410891866,0.037935124140244136,0.5,Training1035
0.5737704918032787,0.10915558884104087,0.13747544815911564,0.5,Training1035
0.5245901639344263,-0.01002347268920893,0.23701577217798714,0.5,Training1035
0.5765027322404371,0.11665784310672338,0.037935124140244136,1,Training1035
0.5573770491803278,0.08601553829078795,0.13747544815911564,1,Training1035
0.5355191256830601,0,0.23701577217798714,1,Training1035
0.5683060109289617,0.08133697655207459,0.037935124140244136,0.25,Training1036
0.5628415300546448,0.081843838193791,0.13747544815911564,0.25,Training1036
0.5355191256830601,0,0.23701577217798714,0.25,Training1036
0.5846994535519126,0.1334039504018941,0.037935124140244136,0.5,Training1036
0.5355191256830601,0,0.13747544815911564,0.5,Training1036
0.5573770491803278,0.08085818813170444,0.23701577217798714,0.5,Training1036
0.5792349726775956,0.1304535637149027,0.037935124140244136,1,Training1036
0.5191256830601093,-0.023320836245790212,0.13747544815911564,1,Training1036
0.5327868852459017,0.02783559601105974,0.23701577217798714,1,Training1036
0.5710382513661202,0.08978298748613962,0.037935124140244136,0.25,Training1037
0.4344262295081967,-0.14627651526613628,0.13747544815911564,0.25,Training1037
0.5546448087431693,0.07481157532334594,0.23701577217798714,0.25,Training1037
0.5765027322404371,0.10359321176879545,0.037935124140244136,0.5,Training1037
0.5737704918032787,0.10987777500623595,0.13747544815911564,0.5,Training1037
0.5546448087431693,0.07852707670445748,0.23701577217798714,0.5,Training1037
0.5765027322404371,0.11234548583946156,0.037935124140244136,1,Training1037
0.5519125683060109,0.058889934148635754,0.13747544815911564,1,Training1037
0.5218579234972678,0.0018700327255727338,0.23701577217798714,1,Training1037
0.5819672131147541,0.11549518243563407,0.037935124140244136,0.25,Training1038
0.5409836065573771,0.024030983143392297,0.13747544815911564,0.25,Training1038
0.5573770491803278,0.07126969706462816,0.23701577217798714,0.25,Training1038
0.5655737704918032,0.09284489477786424,0.037935124140244136,0.5,Training1038
0.5765027322404371,0.11411974140354153,0.13747544815911564,0.5,Training1038
0.5382513661202186,0.02815573641705691,0.23701577217798714,0.5,Training1038
0.44808743169398907,-0.1351450944265315,0.037935124140244136,1,Training1038
0.5327868852459017,0.009683850754770698,0.13747544815911564,1,Training1038
0.5300546448087432,0.018246467671002103,0.23701577217798714,1,Training1038
0.5355191256830601,0,0.037935124140244136,0.25,Training1039
0.5273224043715847,-0.00297798194202435,0.13747544815911564,0.25,Training1039
0.546448087431694,0.046635701732362686,0.23701577217798714,0.25,Training1039
0.5819672131147541,0.12522260755459727,0.037935124140244136,0.5,Training1039
0.5765027322404371,0.11665784310672338,0.13747544815911564,0.5,Training1039
0.5327868852459017,0.0012128562765311678,0.23701577217798714,0.5,Training1039
0.5765027322404371,0.11665784310672338,0.037935124140244136,1,Training1039
0.5546448087431693,0.0657709292492717,0.13747544815911564,1,Training1039
0.5136612021857924,-0.028999241849886205,0.23701577217798714,1,Training1039
0.5601092896174863,0.060101445114364854,0.037935124140244136,0.25,Training1040
0.5846994535519126,0.13391661736774904,0.13747544815911564,0.25,Training1040
0.5327868852459017,0.014921144584002299,0.23701577217798714,0.25,Training1040
0.5710382513661202,0.08995597225301695,0.037935124140244136,0.5,Training1040
0.5382513661202186,0,0.13747544815911564,0.5,Training1040
0.5191256830601093,-0.021535729011386485,0.23701577217798714,0.5,Training1040
0.44808743169398907,-0.11501221608904184,0.037935124140244136,1,Training1040
0.5218579234972678,-0.01889853965829924,0.13747544815911564,1,Training1040
0.5081967213114754,-0.04382545869379222,0.23701577217798714,1,Training1040
0.5382513661202186,9.045388467131e-4,0.037935124140244136,0.25,Training1041
0.5901639344262295,0.14232151226370865,0.13747544815911564,0.25,Training1041
0.5382513661202186,0.01427888446215131,0.23701577217798714,0.25,Training1041
0.5437158469945356,0.012728153771604083,0.037935124140244136,0.5,Training1041
0.5683060109289617,0.1051898616655833,0.13747544815911564,0.5,Training1041
0.5382513661202186,0.033259354193367,0.23701577217798714,0.5,Training1041
0.5382513661202186,0,0.037935124140244136,1,Training1041
0.5628415300546448,0.09150144279996263,0.13747544815911564,1,Training1041
0.5273224043715847,0.010377918789659685,0.23701577217798714,1,Training1041
0.592896174863388,0.14617191169563173,0.037935124140244136,0.25,Training1042
0.5382513661202186,0,0.13747544815911564,0.25,Training1042
0.546448087431694,0.04750258677452748,0.23701577217798714,0.25,Training1042
0.5382513661202186,0,0.037935124140244136,0.5,Training1042
0.5683060109289617,0.10207757523058286,0.13747544815911564,0.5,Training1042
0.5327868852459017,0.016654620871696623,0.23701577217798714,0.5,Training1042
0.5710382513661202,0.08263354513234752,0.037935124140244136,1,Training1042
0.5573770491803278,0.08412369860051261,0.13747544815911564,1,Training1042
0.5273224043715847,0.01383048313241766,0.23701577217798714,1,Training1042
0.4262295081967213,-0.16581725518747747,0.037935124140244136,0.25,Training1043
0.5765027322404371,0.11660282163879268,0.13747544815911564,0.25,Training1043
0.5327868852459017,0.01062316228777399,0.23701577217798714,0.25,Training1043
0.5437158469945356,0.009335796946416309,0.037935124140244136,0.5,Training1043
0.5409836065573771,0.00678426051560405,0.13747544815911564,0.5,Training1043
0.5191256830601093,-0.027565084226646164,0.23701577217798714,0.5,Training1043
0.5683060109289617,0.08627227910504352,0.037935124140244136,1,Training1043
0.4207650273224044,-0.16002870470039474,0.13747544815911564,1,Training1043
0.5546448087431693,0.07704446300937506,0.23701577217798714,1,Training1043
0.4371584699453552,-0.15890436226136695,0.037935124140244136,0.25,Training1044
0.5710382513661202,0.09035934779167304,0.13747544815911564,0.25,Training1044
0.5437158469945356,0,0.23701577217798714,0.25,Training1044
0.48633879781420764,-0.08980328803573129,0.037935124140244136,0.5,Training1044
0.5737704918032787,0.10923897781522023,0.13747544815911564,0.5,Training1044
0.5573770491803278,0.07312802876348279,0.23701577217798714,0.5,Training1044
0.587431693989071,0.1441977143918981,0.037935124140244136,1,Training1044
0.5409836065573771,-0.00546162148019771,0.13747544815911564,1,Training1044
0.5491803278688525,0.06392410949561353,0.23701577217798714,1,Training1044
0.5409836065573771,0,0.037935124140244136,0.25,Training1045
0.5819672131147541,0.13205617037105905,0.13747544815911564,0.25,Training1045
0.5437158469945356,0.01125885664369618,0.23701577217798714,0.25,Training1045
0.42896174863387976,-0.14928333183088466,0.037935124140244136,0.5,Training1045
0.5655737704918032,0.10385290584865563,0.13747544815911564,0.5,Training1045
0.5273224043715847,-9.484966328368543e-4,0.23701577217798714,0.5,Training1045
0.5765027322404371,0.11411974140354153,0.037935124140244136,1,Training1045
0.5601092896174863,0.08752206633838137,0.13747544815911564,1,Training1045
0.5245901639344263,3.7671877943120866e-4,0.23701577217798714,1,Training1045
0.5983606557377049,0.16928635395114713,0.037935124140244136,0.25,Training1046
0.4644808743169399,-0.11776621272087004,0.13747544815911564,0.25,Training1046
0.5300546448087432,-0.005462386200287446,0.23701577217798714,0.25,Training1046
0.5983606557377049,0.16928635395114713,0.037935124140244136,0.5,Training1046
0.5737704918032787,0.11267211637086985,0.13747544815911564,0.5,Training1046
0.5437158469945356,0.04720187061574439,0.23701577217798714,0.5,Training1046
0.587431693989071,0.14741908611273952,0.037935124140244136,1,Training1046
0.5382513661202186,0.02386137676356419,0.13747544815911564,1,Training1046
0.5245901639344263,0.006830728922990486,0.23701577217798714,1,Training1046
0.592896174863388,0.14989867498051435,0.037935124140244136,0.25,Training1047
0.5546448087431693,0.05934849105988441,0.13747544815911564,0.25,Training1047
0.5382513661202186,0,0.23701577217798714,0.25,Training1047
0.5710382513661202,0.09237087347970291,0.037935124140244136,0.5,Training1047
0.5737704918032787,0.11498279443221605,0.13747544815911564,0.5,Training1047
0.5519125683060109,0.06797925530263028,0.23701577217798714,0.5,Training1047
0.5846994535519126,0.14288355467907432,0.037935124140244136,1,Training1047
0.5355191256830601,-0.004552940036810817,0.13747544815911564,1,Training1047
0.546448087431694,0.06313030069390901,0.23701577217798714,1,Training1047
0.5655737704918032,0.12159999999999992,0.037935124140244136,0.25,Training1048
0.5819672131147541,0.13016869116779017,0.13747544815911564,0.25,Training1048
0.5409836065573771,0.03985009369144298,0.23701577217798714,0.25,Training1048
0.5737704918032787,0.11632514084071058,0.037935124140244136,0.5,Training1048
0.5382513661202186,0.02423095125414099,0.13747544815911564,0.5,Training1048
0.5437158469945356,0.05134254229396242,0.23701577217798714,0.5,Training1048
0.5846994535519126,0.13967586292218218,0.037935124140244136,1,Training1048
0.546448087431694,0.06718663636921948,0.13747544815911564,1,Training1048
0.5273224043715847,0.023563519723652903,0.23701577217798714,1,Training1048
0.5355191256830601,0,0.037935124140244136,0.25,Training1049
0.5546448087431693,0.06653105930214341,0.13747544815911564,0.25,Training1049
0.5655737704918032,0.10687866417017078,0.23701577217798714,0.25,Training1049
0.5765027322404371,0.11306713361058121,0.037935124140244136,0.5,Training1049
0.5628415300546448,0.10447761194029846,0.13747544815911564,0.5,Training1049
0.5409836065573771,0.048350151674611555,0.23701577217798714,0.5,Training1049
0.5355191256830601,0,0.037935124140244136,1,Training1049
0.5437158469945356,0.06194174161269528,0.13747544815911564,1,Training1049
0.5,-0.04885840458517337,0.23701577217798714,1,Training1049
